"1","patient 254_3 1","3.00","1.05,1.06,1.06,1.06,1.06,1.06,1.06,1.06,1.06,1.06,1.06,1.06,1.06,1.06,1.06,1.05,1.05,1.05,1.05,1.05,1.05,1.05,1.04,1.04,1.04,1.04,1.04,1.03,1.03,1.03,1.03,1.03,1.02,1.02,1.02,1.01,1.01,1.01,1.00,0.999,0.997,0.991,0.985,0.981,0.976,0.971,0.967,0.963,0.959,0.952,0.945,0.938,0.932,0.926,0.921,0.916,0.911,0.902,0.893,0.886,0.878,0.872,0.865,0.859,0.854,0.843,0.833,0.825,0.817,0.809,0.803,0.796,0.791,0.781,0.772,0.764,0.757,0.750,0.744,0.738,0.732,0.720,0.709,0.699,0.692,0.685,0.680,0.675,0.669,0.657,0.647,0.640,0.633,0.626,0.621,0.618,0.611,0.598,0.587,0.582,0.581,0.582,0.583,0.586,0.587,0.586,0.588,0.583,0.574,0.564,0.560,0.556,0.559,0.568,0.560,0.540,0.522,0.521,0.525,0.519,0.508,0.499,0.486,0.463,0.461,0.446,0.435,0.422,0.410,0.389,0.367,0.349,0.330,0.315,0.302,0.291,0.281,0.267,0.258,0.253,0.252,0.252,0.253,0.255,0.258,0.259,0.259,0.259,0.261,0.260,0.259,0.258,0.254,0.244,0.242,0.243,0.238,0.239,0.240,0.237,0.232,0.223,0.230,0.238,0.230,0.233,0.232,0.238,0.231,0.230,0.221,0.219,0.221,0.218,0.222,0.217,0.218,0.217,0.216,0.209,0.199,0.194,0.188,0.182,0.172,0.167,0.153,0.150,0.134,0.120,0.116,0.100","0.500,1.00,1.50,2.00,2.50,3.00,3.50,4.00,4.50,5.50,6.50,7.50,8.50,9.50,10.5,11.5,12.5,14.5,16.5,18.5,20.5,22.5,24.5,26.5,28.5,32.5,36.5,40.5,44.5,48.5,52.5,56.5,60.5,68.5,76.5,84.5,92.5,101,109,117,125,141,157,173,189,205,221,237,253,285,317,349,381,413,445,477,509,573,637,701,765,829,893,957,1020,1150,1280,1400,1530,1660,1790,1920,2040,2300,2560,2810,3070,3320,3580,3840,4090,4600,5120,5630,6140,6650,7160,7680,8190,9210,1.02e4,1.13e4,1.23e4,1.33e4,1.43e4,1.54e4,1.64e4,1.84e4,2.05e4,2.25e4,2.46e4,2.66e4,2.87e4,3.07e4,3.28e4,3.69e4,4.10e4,4.51e4,4.91e4,5.32e4,5.73e4,6.14e4,6.55e4,7.37e4,8.19e4,9.01e4,9.83e4,1.06e5,1.15e5,1.23e5,1.31e5,1.47e5,1.64e5,1.80e5,1.97e5,2.13e5,2.29e5,2.46e5,2.62e5,2.95e5,3.28e5,3.60e5,3.93e5,4.26e5,4.59e5,4.92e5,5.24e5,5.90e5,6.55e5,7.21e5,7.86e5,8.52e5,9.18e5,9.83e5,1.05e6,1.18e6,1.31e6,1.44e6,1.57e6,1.70e6,1.84e6,1.97e6,2.10e6,2.36e6,2.62e6,2.88e6,3.15e6,3.41e6,3.67e6,3.93e6,4.19e6,4.72e6,5.24e6,5.77e6,6.29e6,6.82e6,7.34e6,7.86e6,8.39e6,9.44e6,1.05e7,1.15e7,1.26e7,1.36e7,1.47e7,1.57e7,1.68e7,1.89e7,2.10e7,2.31e7,2.52e7,2.73e7,2.94e7,3.15e7,3.36e7,3.77e7,4.19e7,4.61e7,5.03e7,5.45e7,5.87e7,6.29e7","0.752,0.752,0.752,0.751,0.751,0.749,0.748,0.747,0.746,0.744,0.742,0.740,0.737,0.734,0.731,0.726,0.722,0.718,0.710,0.702,0.695,0.685,0.674,0.664,0.651,0.636,0.623,0.606,0.588,0.572,0.552,0.532,0.516,0.496,0.472,0.449,0.427,0.399,0.378,0.352,0.317,0.291,0.292,0.297,0.293,0.250,0.265,0.206,0.165,0.0400","1.50,2.00,2.50,3.50,4.50,5.50,7.50,9.50,11.5,14.5,18.5,22.5,28.5,36.5,44.5,56.5,68.5,84.5,109,141,173,221,285,349,445,573,701,893,1150,1400,1790,2300,2810,3580,4600,5630,7160,9210,1.13e4,1.43e4,1.84e4,2.25e4,2.87e4,3.69e4,4.51e4,5.73e4,7.37e4,9.01e4,1.15e5,1.47e5","0.738,0.738,0.738,0.737,0.737,0.737,0.737,0.737,0.736,0.736,0.735,0.735,0.734,0.733,0.731,0.730,0.728,0.726,0.722,0.718,0.713,0.707,0.698,0.690,0.677,0.662,0.647,0.626,0.601,0.578,0.548,0.515,0.489,0.461,0.442,0.441,0.474","1.50,2.00,2.50,3.50,4.50,5.50,7.50,9.50,11.5,14.5,18.5,22.5,28.5,36.5,44.5,56.5,68.5,84.5,109,141,173,221,285,349,445,573,701,893,1150,1400,1790,2300,2810,3580,4600,5630,7160","6593.6","1.065","0.498"
"2"," 1","4.00","0.554,0.571,0.570,0.568,0.567,0.567,0.567,0.565,0.567,0.566,0.564,0.567,0.565,0.564,0.562,0.561,0.561,0.562,0.562,0.560,0.561,0.559,0.558,0.561,0.559,0.559,0.558,0.556,0.555,0.554,0.554,0.552,0.552,0.551,0.550,0.547,0.546,0.546,0.543,0.542,0.541,0.540,0.538,0.536,0.533,0.532,0.530,0.528,0.527,0.524,0.522,0.518,0.517,0.514,0.512,0.510,0.508,0.504,0.501,0.497,0.494,0.492,0.489,0.486,0.484,0.479,0.475,0.471,0.468,0.464,0.461,0.457,0.454,0.449,0.445,0.441,0.437,0.433,0.429,0.425,0.421,0.415,0.409,0.403,0.398,0.395,0.392,0.388,0.386,0.381,0.376,0.373,0.367,0.365,0.363,0.361,0.356,0.346,0.336,0.331,0.332,0.334,0.336,0.340,0.341,0.342,0.344,0.339,0.333,0.326,0.325,0.327,0.329,0.337,0.332,0.318,0.302,0.310,0.316,0.314,0.303,0.293,0.290,0.268,0.275,0.257,0.248,0.252,0.248,0.232,0.219,0.200,0.185,0.173,0.143,0.129,0.109,0.0836,0.0444,0.00896,0.00,0.00,0.00,0.00,0.00,0.00,0.00,0.00,0.00,0.00,0.00,0.00,0.00,0.00,0.00,0.00,0.00,0.00,0.00,0.00,0.00,0.00,0.00,0.00,0.00,0.00,0.00,0.00,0.00,0.00,0.00,0.00,0.00,0.00,0.00,0.00,0.00,0.00,0.00,0.00,0.00,0.00,0.00,0.00,0.00,0.00,0.00,0.00,0.00,0.00,0.00,0.00","0.500,1.00,1.50,2.00,2.50,3.00,3.50,4.00,4.50,5.50,6.50,7.50,8.50,9.50,10.5,11.5,12.5,14.5,16.5,18.5,20.5,22.5,24.5,26.5,28.5,32.5,36.5,40.5,44.5,48.5,52.5,56.5,60.5,68.5,76.5,84.5,92.5,101,109,117,125,141,157,173,189,205,221,237,253,285,317,349,381,413,445,477,509,573,637,701,765,829,893,957,1020,1150,1280,1400,1530,1660,1790,1920,2040,2300,2560,2810,3070,3320,3580,3840,4090,4600,5120,5630,6140,6650,7160,7680,8190,9210,1.02e4,1.13e4,1.23e4,1.33e4,1.43e4,1.54e4,1.64e4,1.84e4,2.05e4,2.25e4,2.46e4,2.66e4,2.87e4,3.07e4,3.28e4,3.69e4,4.10e4,4.51e4,4.91e4,5.32e4,5.73e4,6.14e4,6.55e4,7.37e4,8.19e4,9.01e4,9.83e4,1.06e5,1.15e5,1.23e5,1.31e5,1.47e5,1.64e5,1.80e5,1.97e5,2.13e5,2.29e5,2.46e5,2.62e5,2.95e5,3.28e5,3.60e5,3.93e5,4.26e5,4.59e5,4.92e5,5.24e5,5.90e5,6.55e5,7.21e5,7.86e5,8.52e5,9.18e5,9.83e5,1.05e6,1.18e6,1.31e6,1.44e6,1.57e6,1.70e6,1.84e6,1.97e6,2.10e6,2.36e6,2.62e6,2.88e6,3.15e6,3.41e6,3.67e6,3.93e6,4.19e6,4.72e6,5.24e6,5.77e6,6.29e6,6.82e6,7.34e6,7.86e6,8.39e6,9.44e6,1.05e7,1.15e7,1.26e7,1.36e7,1.47e7,1.57e7,1.68e7,1.89e7,2.10e7,2.31e7,2.52e7,2.73e7,2.94e7,3.15e7,3.36e7,3.77e7,4.19e7,4.61e7,5.03e7,5.45e7,5.87e7,6.29e7","0.523,0.521,0.520,0.521,0.520,0.519,0.521,0.517,0.515,0.516,0.513,0.512,0.513,0.511,0.508,0.506,0.504,0.500,0.497,0.493,0.489,0.484,0.477,0.471,0.465,0.456,0.448,0.439,0.427,0.418,0.405,0.391,0.380,0.364,0.344,0.326,0.309,0.290,0.277,0.258,0.222,0.187,0.200,0.213,0.206,0.170,0.203,0.147,0.141","1.50,2.00,2.50,3.50,4.50,5.50,7.50,9.50,11.5,14.5,18.5,22.5,28.5,36.5,44.5,56.5,68.5,84.5,109,141,173,221,285,349,445,573,701,893,1150,1400,1790,2300,2810,3580,4600,5630,7160,9210,1.13e4,1.43e4,1.84e4,2.25e4,2.87e4,3.69e4,4.51e4,5.73e4,7.37e4,9.01e4,1.15e5","0.512,0.512,0.512,0.512,0.512,0.512,0.512,0.512,0.511,0.511,0.511,0.511,0.510,0.509,0.509,0.508,0.507,0.506,0.504,0.501,0.499,0.495,0.490,0.486,0.479,0.470,0.462,0.450,0.435,0.421,0.403,0.382,0.365,0.346,0.330,0.323,0.332","1.50,2.00,2.50,3.50,4.50,5.50,7.50,9.50,11.5,14.5,18.5,22.5,28.5,36.5,44.5,56.5,68.5,84.5,109,141,173,221,285,349,445,573,701,893,1150,1400,1790,2300,2810,3580,4600,5630,7160","5897.6","0.570","0.296"
"3"," 1","2.00","0.711,0.723,0.724,0.722,0.718,0.720,0.721,0.718,0.718,0.716,0.713,0.713,0.714,0.707,0.708,0.708,0.706,0.705,0.701,0.698,0.696,0.695,0.694,0.692,0.688,0.684,0.681,0.677,0.673,0.670,0.667,0.664,0.661,0.656,0.651,0.646,0.642,0.636,0.632,0.628,0.624,0.616,0.609,0.602,0.596,0.590,0.585,0.579,0.574,0.564,0.556,0.547,0.540,0.533,0.527,0.521,0.515,0.504,0.494,0.485,0.475,0.467,0.460,0.453,0.446,0.434,0.422,0.410,0.400,0.393,0.385,0.378,0.371,0.359,0.349,0.338,0.330,0.323,0.317,0.312,0.308,0.295,0.282,0.272,0.264,0.257,0.249,0.241,0.234,0.219,0.211,0.206,0.203,0.199,0.191,0.186,0.183,0.170,0.165,0.164,0.169,0.173,0.172,0.173,0.183,0.181,0.177,0.172,0.149,0.129,0.126,0.126,0.128,0.145,0.148,0.132,0.106,0.0985,0.116,0.112,0.0937,0.0652,0.0616,0.0527,0.0586,0.0414,0.0351,0.0175,0.00,0.00,0.00,0.00,0.00,0.00,0.00,0.00,0.00,0.00,0.00,0.00,0.00,0.00,0.00,0.00,0.00,0.00,0.00,0.00,0.00,0.00,0.00,0.00,0.00,0.00,0.00,0.00,0.00341,0.0716,0.0210,0.0174,0.00,0.00,0.00,0.00,0.00,0.00,0.00,0.00,0.00,0.00,0.00,0.00,0.00,0.00,0.00,0.00,0.00,0.00,0.00,0.00,0.00,0.00,0.00,0.00,0.00,0.00,0.00,0.00,0.00,0.00,0.00,0.00","0.500,1.00,1.50,2.00,2.50,3.00,3.50,4.00,4.50,5.50,6.50,7.50,8.50,9.50,10.5,11.5,12.5,14.5,16.5,18.5,20.5,22.5,24.5,26.5,28.5,32.5,36.5,40.5,44.5,48.5,52.5,56.5,60.5,68.5,76.5,84.5,92.5,101,109,117,125,141,157,173,189,205,221,237,253,285,317,349,381,413,445,477,509,573,637,701,765,829,893,957,1020,1150,1280,1400,1530,1660,1790,1920,2040,2300,2560,2810,3070,3320,3580,3840,4090,4600,5120,5630,6140,6650,7160,7680,8190,9210,1.02e4,1.13e4,1.23e4,1.33e4,1.43e4,1.54e4,1.64e4,1.84e4,2.05e4,2.25e4,2.46e4,2.66e4,2.87e4,3.07e4,3.28e4,3.69e4,4.10e4,4.51e4,4.91e4,5.32e4,5.73e4,6.14e4,6.55e4,7.37e4,8.19e4,9.01e4,9.83e4,1.06e5,1.15e5,1.23e5,1.31e5,1.47e5,1.64e5,1.80e5,1.97e5,2.13e5,2.29e5,2.46e5,2.62e5,2.95e5,3.28e5,3.60e5,3.93e5,4.26e5,4.59e5,4.92e5,5.24e5,5.90e5,6.55e5,7.21e5,7.86e5,8.52e5,9.18e5,9.83e5,1.05e6,1.18e6,1.31e6,1.44e6,1.57e6,1.70e6,1.84e6,1.97e6,2.10e6,2.36e6,2.62e6,2.88e6,3.15e6,3.41e6,3.67e6,3.93e6,4.19e6,4.72e6,5.24e6,5.77e6,6.29e6,6.82e6,7.34e6,7.86e6,8.39e6,9.44e6,1.05e7,1.15e7,1.26e7,1.36e7,1.47e7,1.57e7,1.68e7,1.89e7,2.10e7,2.31e7,2.52e7,2.73e7,2.94e7,3.15e7,3.36e7,3.77e7,4.19e7,4.61e7,5.03e7,5.45e7,5.87e7,6.29e7","0.801,0.800,0.797,0.799,0.798,0.796,0.794,0.790,0.791,0.789,0.785,0.783,0.779,0.774,0.769,0.763,0.758,0.751,0.741,0.730,0.721,0.709,0.694,0.682,0.667,0.649,0.634,0.615,0.593,0.573,0.551,0.526,0.506,0.485,0.461,0.435,0.408,0.369,0.352,0.329,0.296,0.286,0.299,0.314,0.300,0.208,0.251,0.223,0.183","1.50,2.00,2.50,3.50,4.50,5.50,7.50,9.50,11.5,14.5,18.5,22.5,28.5,36.5,44.5,56.5,68.5,84.5,109,141,173,221,285,349,445,573,701,893,1150,1400,1790,2300,2810,3580,4600,5630,7160,9210,1.13e4,1.43e4,1.84e4,2.25e4,2.87e4,3.69e4,4.51e4,5.73e4,7.37e4,9.01e4,1.15e5","0.780,0.780,0.780,0.780,0.780,0.780,0.779,0.779,0.778,0.778,0.777,0.776,0.775,0.773,0.772,0.770,0.767,0.764,0.760,0.754,0.748,0.739,0.728,0.717,0.702,0.682,0.663,0.637,0.605,0.577,0.540,0.501,0.471,0.440,0.421,0.425,0.477","1.50,2.00,2.50,3.50,4.50,5.50,7.50,9.50,11.5,14.5,18.5,22.5,28.5,36.5,44.5,56.5,68.5,84.5,109,141,173,221,285,349,445,573,701,893,1150,1400,1790,2300,2810,3580,4600,5630,7160","32421.3","0.726","0.0823"
"4"," 1","2.10","0.724,0.734,0.733,0.731,0.733,0.732,0.733,0.729,0.728,0.727,0.729,0.726,0.728,0.727,0.726,0.722,0.725,0.723,0.722,0.721,0.718,0.719,0.717,0.715,0.714,0.711,0.709,0.708,0.706,0.704,0.701,0.701,0.697,0.694,0.692,0.689,0.686,0.684,0.680,0.679,0.676,0.672,0.667,0.663,0.659,0.656,0.651,0.649,0.645,0.640,0.634,0.628,0.623,0.618,0.614,0.610,0.605,0.597,0.589,0.581,0.575,0.570,0.564,0.559,0.554,0.545,0.537,0.530,0.523,0.517,0.511,0.505,0.500,0.491,0.485,0.477,0.472,0.468,0.463,0.459,0.454,0.442,0.429,0.421,0.417,0.416,0.415,0.413,0.410,0.396,0.383,0.379,0.376,0.370,0.366,0.366,0.359,0.345,0.334,0.329,0.331,0.336,0.341,0.349,0.353,0.349,0.344,0.339,0.329,0.313,0.308,0.307,0.306,0.317,0.311,0.278,0.261,0.268,0.279,0.271,0.252,0.254,0.247,0.221,0.224,0.194,0.193,0.182,0.166,0.140,0.113,0.0719,0.0393,0.0128,0.00,0.00,0.00,0.00,0.00,0.00,0.00,0.00,0.00,0.00,0.00,0.0153,0.00,0.00,0.00,0.00,0.00,0.00,0.00,0.0714,0.00,0.00,0.00,0.00,0.00,0.00,0.00,0.00,0.00,0.00,0.00,0.00,0.00,0.00,0.00,0.00,0.00,0.00,0.00,0.00,0.00,0.00,0.00,0.00,0.00,0.00,0.00,0.00,0.00,0.00,0.00,0.00,0.00,0.00,0.00,0.00,0.00,0.00","0.500,1.00,1.50,2.00,2.50,3.00,3.50,4.00,4.50,5.50,6.50,7.50,8.50,9.50,10.5,11.5,12.5,14.5,16.5,18.5,20.5,22.5,24.5,26.5,28.5,32.5,36.5,40.5,44.5,48.5,52.5,56.5,60.5,68.5,76.5,84.5,92.5,101,109,117,125,141,157,173,189,205,221,237,253,285,317,349,381,413,445,477,509,573,637,701,765,829,893,957,1020,1150,1280,1400,1530,1660,1790,1920,2040,2300,2560,2810,3070,3320,3580,3840,4090,4600,5120,5630,6140,6650,7160,7680,8190,9210,1.02e4,1.13e4,1.23e4,1.33e4,1.43e4,1.54e4,1.64e4,1.84e4,2.05e4,2.25e4,2.46e4,2.66e4,2.87e4,3.07e4,3.28e4,3.69e4,4.10e4,4.51e4,4.91e4,5.32e4,5.73e4,6.14e4,6.55e4,7.37e4,8.19e4,9.01e4,9.83e4,1.06e5,1.15e5,1.23e5,1.31e5,1.47e5,1.64e5,1.80e5,1.97e5,2.13e5,2.29e5,2.46e5,2.62e5,2.95e5,3.28e5,3.60e5,3.93e5,4.26e5,4.59e5,4.92e5,5.24e5,5.90e5,6.55e5,7.21e5,7.86e5,8.52e5,9.18e5,9.83e5,1.05e6,1.18e6,1.31e6,1.44e6,1.57e6,1.70e6,1.84e6,1.97e6,2.10e6,2.36e6,2.62e6,2.88e6,3.15e6,3.41e6,3.67e6,3.93e6,4.19e6,4.72e6,5.24e6,5.77e6,6.29e6,6.82e6,7.34e6,7.86e6,8.39e6,9.44e6,1.05e7,1.15e7,1.26e7,1.36e7,1.47e7,1.57e7,1.68e7,1.89e7,2.10e7,2.31e7,2.52e7,2.73e7,2.94e7,3.15e7,3.36e7,3.77e7,4.19e7,4.61e7,5.03e7,5.45e7,5.87e7,6.29e7","0.694,0.692,0.693,0.694,0.690,0.689,0.689,0.689,0.685,0.686,0.685,0.683,0.679,0.676,0.674,0.670,0.665,0.661,0.654,0.648,0.641,0.632,0.622,0.613,0.601,0.587,0.574,0.559,0.542,0.527,0.508,0.489,0.475,0.460,0.436,0.411,0.404,0.379,0.356,0.337,0.305,0.277,0.298,0.310,0.294,0.235,0.254,0.162,0.165,0.0454","1.50,2.00,2.50,3.50,4.50,5.50,7.50,9.50,11.5,14.5,18.5,22.5,28.5,36.5,44.5,56.5,68.5,84.5,109,141,173,221,285,349,445,573,701,893,1150,1400,1790,2300,2810,3580,4600,5630,7160,9210,1.13e4,1.43e4,1.84e4,2.25e4,2.87e4,3.69e4,4.51e4,5.73e4,7.37e4,9.01e4,1.15e5,1.47e5","0.680,0.680,0.680,0.680,0.679,0.679,0.679,0.679,0.678,0.678,0.678,0.677,0.676,0.675,0.674,0.672,0.671,0.669,0.666,0.661,0.657,0.651,0.643,0.635,0.624,0.610,0.596,0.577,0.554,0.533,0.505,0.475,0.451,0.425,0.408,0.408,0.441","1.50,2.00,2.50,3.50,4.50,5.50,7.50,9.50,11.5,14.5,18.5,22.5,28.5,36.5,44.5,56.5,68.5,84.5,109,141,173,221,285,349,445,573,701,893,1150,1400,1790,2300,2810,3580,4600,5630,7160","77733.4","0.734","0.252"
"5"," 1","2.20","0.613,0.629,0.631,0.621,0.630,0.626,0.619,0.622,0.627,0.623,0.622,0.619,0.617,0.622,0.620,0.618,0.615,0.616,0.616,0.611,0.610,0.609,0.610,0.610,0.608,0.605,0.601,0.601,0.599,0.599,0.596,0.594,0.594,0.588,0.585,0.582,0.581,0.576,0.574,0.571,0.568,0.564,0.559,0.554,0.551,0.547,0.543,0.540,0.536,0.530,0.524,0.518,0.514,0.508,0.504,0.500,0.495,0.487,0.479,0.472,0.465,0.459,0.453,0.447,0.442,0.433,0.425,0.416,0.409,0.403,0.398,0.393,0.389,0.381,0.375,0.369,0.364,0.359,0.355,0.350,0.345,0.336,0.327,0.319,0.314,0.310,0.308,0.304,0.300,0.291,0.288,0.286,0.282,0.276,0.272,0.268,0.259,0.249,0.243,0.237,0.237,0.238,0.241,0.244,0.241,0.231,0.234,0.232,0.222,0.214,0.208,0.204,0.198,0.201,0.190,0.172,0.159,0.158,0.162,0.160,0.147,0.139,0.141,0.123,0.128,0.132,0.134,0.117,0.111,0.0911,0.0746,0.0469,0.0210,0.0124,0.0104,1.13e-4,0.00,0.00,0.00,0.00,0.00,0.00,0.00,0.00,0.00,0.00,0.00,0.00,0.00,0.00,0.00,0.00,0.00,0.0320,0.0967,0.0700,0.0228,0.00,0.00,0.00,0.00,0.00,0.00,0.00,0.00,0.00,0.00,0.00,0.00,0.00,0.00,0.00,0.00,0.00,0.00,0.00,0.00,0.00,0.00,0.00,0.00,0.00,0.00,0.00,0.00,0.00,0.00,0.00,0.00,0.00,0.00,0.00","0.500,1.00,1.50,2.00,2.50,3.00,3.50,4.00,4.50,5.50,6.50,7.50,8.50,9.50,10.5,11.5,12.5,14.5,16.5,18.5,20.5,22.5,24.5,26.5,28.5,32.5,36.5,40.5,44.5,48.5,52.5,56.5,60.5,68.5,76.5,84.5,92.5,101,109,117,125,141,157,173,189,205,221,237,253,285,317,349,381,413,445,477,509,573,637,701,765,829,893,957,1020,1150,1280,1400,1530,1660,1790,1920,2040,2300,2560,2810,3070,3320,3580,3840,4090,4600,5120,5630,6140,6650,7160,7680,8190,9210,1.02e4,1.13e4,1.23e4,1.33e4,1.43e4,1.54e4,1.64e4,1.84e4,2.05e4,2.25e4,2.46e4,2.66e4,2.87e4,3.07e4,3.28e4,3.69e4,4.10e4,4.51e4,4.91e4,5.32e4,5.73e4,6.14e4,6.55e4,7.37e4,8.19e4,9.01e4,9.83e4,1.06e5,1.15e5,1.23e5,1.31e5,1.47e5,1.64e5,1.80e5,1.97e5,2.13e5,2.29e5,2.46e5,2.62e5,2.95e5,3.28e5,3.60e5,3.93e5,4.26e5,4.59e5,4.92e5,5.24e5,5.90e5,6.55e5,7.21e5,7.86e5,8.52e5,9.18e5,9.83e5,1.05e6,1.18e6,1.31e6,1.44e6,1.57e6,1.70e6,1.84e6,1.97e6,2.10e6,2.36e6,2.62e6,2.88e6,3.15e6,3.41e6,3.67e6,3.93e6,4.19e6,4.72e6,5.24e6,5.77e6,6.29e6,6.82e6,7.34e6,7.86e6,8.39e6,9.44e6,1.05e7,1.15e7,1.26e7,1.36e7,1.47e7,1.57e7,1.68e7,1.89e7,2.10e7,2.31e7,2.52e7,2.73e7,2.94e7,3.15e7,3.36e7,3.77e7,4.19e7,4.61e7,5.03e7,5.45e7,5.87e7,6.29e7","0.698,0.691,0.696,0.689,0.695,0.692,0.689,0.691,0.688,0.687,0.683,0.681,0.681,0.675,0.674,0.671,0.666,0.661,0.655,0.648,0.640,0.631,0.621,0.612,0.600,0.585,0.572,0.555,0.537,0.521,0.503,0.486,0.473,0.458,0.437,0.418,0.404,0.383,0.377,0.358,0.323,0.303,0.310,0.294,0.295,0.252,0.238,0.165,0.130","1.50,2.00,2.50,3.50,4.50,5.50,7.50,9.50,11.5,14.5,18.5,22.5,28.5,36.5,44.5,56.5,68.5,84.5,109,141,173,221,285,349,445,573,701,893,1150,1400,1790,2300,2810,3580,4600,5630,7160,9210,1.13e4,1.43e4,1.84e4,2.25e4,2.87e4,3.69e4,4.51e4,5.73e4,7.37e4,9.01e4,1.15e5","0.682,0.682,0.682,0.682,0.682,0.681,0.681,0.681,0.681,0.680,0.679,0.679,0.678,0.677,0.675,0.674,0.672,0.669,0.666,0.661,0.656,0.649,0.640,0.632,0.619,0.603,0.589,0.568,0.543,0.522,0.494,0.466,0.446,0.429,0.429,0.456","1.50,2.00,2.50,3.50,4.50,5.50,7.50,9.50,11.5,14.5,18.5,22.5,28.5,36.5,44.5,56.5,68.5,84.5,109,141,173,221,285,349,445,573,701,893,1150,1400,1790,2300,2810,3580,4600,5630","53624.3","0.629","0.145"
"6"," 1","2.30","0.594,0.605,0.605,0.603,0.605,0.605,0.604,0.603,0.602,0.601,0.601,0.600,0.599,0.600,0.600,0.599,0.600,0.598,0.596,0.595,0.594,0.593,0.592,0.592,0.591,0.590,0.588,0.587,0.586,0.584,0.584,0.580,0.580,0.577,0.576,0.573,0.571,0.569,0.567,0.566,0.564,0.560,0.557,0.554,0.551,0.547,0.544,0.542,0.539,0.535,0.530,0.526,0.522,0.518,0.515,0.511,0.508,0.502,0.497,0.491,0.485,0.481,0.476,0.472,0.468,0.461,0.455,0.449,0.444,0.439,0.435,0.431,0.427,0.420,0.415,0.409,0.405,0.402,0.397,0.393,0.390,0.384,0.377,0.371,0.368,0.365,0.363,0.362,0.359,0.351,0.344,0.341,0.336,0.332,0.328,0.327,0.321,0.313,0.308,0.306,0.306,0.307,0.308,0.312,0.317,0.316,0.319,0.314,0.306,0.300,0.298,0.297,0.299,0.312,0.305,0.288,0.276,0.285,0.288,0.289,0.283,0.280,0.273,0.259,0.257,0.244,0.243,0.229,0.220,0.207,0.186,0.169,0.149,0.139,0.121,0.0975,0.0829,0.0656,0.0473,0.0386,0.0325,0.0397,0.0436,0.0566,0.0674,0.0734,0.0764,0.0704,0.0698,0.0831,0.109,0.142,0.159,0.212,0.252,0.243,0.186,0.128,0.131,0.164,0.00,0.00,0.00,0.00,0.00,0.00,0.00,0.00,0.00,0.00,0.00,0.00,0.00,0.00,0.00,0.00,0.00,0.00,0.00,0.00,0.00,0.00,0.00,0.00,0.00,0.00,0.00,0.00,0.00,0.00,0.00,0.00","0.500,1.00,1.50,2.00,2.50,3.00,3.50,4.00,4.50,5.50,6.50,7.50,8.50,9.50,10.5,11.5,12.5,14.5,16.5,18.5,20.5,22.5,24.5,26.5,28.5,32.5,36.5,40.5,44.5,48.5,52.5,56.5,60.5,68.5,76.5,84.5,92.5,101,109,117,125,141,157,173,189,205,221,237,253,285,317,349,381,413,445,477,509,573,637,701,765,829,893,957,1020,1150,1280,1400,1530,1660,1790,1920,2040,2300,2560,2810,3070,3320,3580,3840,4090,4600,5120,5630,6140,6650,7160,7680,8190,9210,1.02e4,1.13e4,1.23e4,1.33e4,1.43e4,1.54e4,1.64e4,1.84e4,2.05e4,2.25e4,2.46e4,2.66e4,2.87e4,3.07e4,3.28e4,3.69e4,4.10e4,4.51e4,4.91e4,5.32e4,5.73e4,6.14e4,6.55e4,7.37e4,8.19e4,9.01e4,9.83e4,1.06e5,1.15e5,1.23e5,1.31e5,1.47e5,1.64e5,1.80e5,1.97e5,2.13e5,2.29e5,2.46e5,2.62e5,2.95e5,3.28e5,3.60e5,3.93e5,4.26e5,4.59e5,4.92e5,5.24e5,5.90e5,6.55e5,7.21e5,7.86e5,8.52e5,9.18e5,9.83e5,1.05e6,1.18e6,1.31e6,1.44e6,1.57e6,1.70e6,1.84e6,1.97e6,2.10e6,2.36e6,2.62e6,2.88e6,3.15e6,3.41e6,3.67e6,3.93e6,4.19e6,4.72e6,5.24e6,5.77e6,6.29e6,6.82e6,7.34e6,7.86e6,8.39e6,9.44e6,1.05e7,1.15e7,1.26e7,1.36e7,1.47e7,1.57e7,1.68e7,1.89e7,2.10e7,2.31e7,2.52e7,2.73e7,2.94e7,3.15e7,3.36e7,3.77e7,4.19e7,4.61e7,5.03e7,5.45e7,5.87e7,6.29e7","0.573,0.572,0.573,0.572,0.570,0.570,0.569,0.569,0.568,0.567,0.565,0.563,0.561,0.558,0.556,0.551,0.548,0.544,0.539,0.532,0.527,0.518,0.509,0.499,0.488,0.475,0.463,0.447,0.429,0.415,0.398,0.379,0.365,0.348,0.327,0.308,0.293,0.273,0.254,0.228,0.190,0.173,0.178,0.198,0.193,0.148,0.187,0.106,0.106,0.0567","1.50,2.00,2.50,3.50,4.50,5.50,7.50,9.50,11.5,14.5,18.5,22.5,28.5,36.5,44.5,56.5,68.5,84.5,109,141,173,221,285,349,445,573,701,893,1150,1400,1790,2300,2810,3580,4600,5630,7160,9210,1.13e4,1.43e4,1.84e4,2.25e4,2.87e4,3.69e4,4.51e4,5.73e4,7.37e4,9.01e4,1.15e5,1.47e5","0.563,0.563,0.563,0.563,0.563,0.563,0.562,0.562,0.562,0.561,0.561,0.560,0.559,0.558,0.557,0.555,0.553,0.551,0.548,0.543,0.539,0.532,0.524,0.516,0.504,0.489,0.475,0.456,0.433,0.413,0.387,0.361,0.342,0.325,0.323,0.342","1.50,2.00,2.50,3.50,4.50,5.50,7.50,9.50,11.5,14.5,18.5,22.5,28.5,36.5,44.5,56.5,68.5,84.5,109,141,173,221,285,349,445,573,701,893,1150,1400,1790,2300,2810,3580,4600,5630","27434.1","0.607","0.277"
"7"," 1","2.40","0.575,0.593,0.586,0.585,0.590,0.589,0.587,0.588,0.590,0.587,0.586,0.588,0.587,0.585,0.583,0.586,0.585,0.584,0.584,0.586,0.582,0.581,0.582,0.579,0.580,0.579,0.579,0.578,0.577,0.576,0.576,0.574,0.573,0.571,0.570,0.568,0.567,0.565,0.565,0.564,0.563,0.560,0.559,0.557,0.554,0.552,0.550,0.549,0.548,0.544,0.541,0.539,0.536,0.533,0.532,0.529,0.527,0.523,0.519,0.516,0.512,0.509,0.506,0.503,0.500,0.495,0.490,0.486,0.482,0.479,0.475,0.472,0.470,0.465,0.461,0.457,0.453,0.450,0.447,0.444,0.440,0.433,0.426,0.419,0.414,0.408,0.404,0.401,0.397,0.387,0.378,0.372,0.366,0.359,0.357,0.357,0.354,0.346,0.338,0.336,0.339,0.344,0.349,0.353,0.361,0.368,0.373,0.366,0.353,0.334,0.328,0.328,0.340,0.363,0.359,0.336,0.316,0.321,0.331,0.327,0.307,0.308,0.296,0.272,0.273,0.249,0.247,0.232,0.222,0.199,0.176,0.146,0.116,0.0910,0.0644,0.0413,0.0206,0.00,0.00,0.00,0.00,0.0140,0.0321,0.0599,0.0891,0.132,0.142,0.116,0.0732,0.0342,0.0231,0.0565,0.134,0.263,0.305,0.203,0.0957,0.0927,0.117,0.0846,0.00,0.00,0.00,0.00,0.00,0.00,0.00,0.00,0.00,0.00,0.00,0.00,0.00,0.00,0.00,0.00,0.00,0.00,0.00,0.00,0.00,0.00,0.00,0.00,0.00,0.00,0.00,0.00,0.00,0.00,0.00,0.00","0.500,1.00,1.50,2.00,2.50,3.00,3.50,4.00,4.50,5.50,6.50,7.50,8.50,9.50,10.5,11.5,12.5,14.5,16.5,18.5,20.5,22.5,24.5,26.5,28.5,32.5,36.5,40.5,44.5,48.5,52.5,56.5,60.5,68.5,76.5,84.5,92.5,101,109,117,125,141,157,173,189,205,221,237,253,285,317,349,381,413,445,477,509,573,637,701,765,829,893,957,1020,1150,1280,1400,1530,1660,1790,1920,2040,2300,2560,2810,3070,3320,3580,3840,4090,4600,5120,5630,6140,6650,7160,7680,8190,9210,1.02e4,1.13e4,1.23e4,1.33e4,1.43e4,1.54e4,1.64e4,1.84e4,2.05e4,2.25e4,2.46e4,2.66e4,2.87e4,3.07e4,3.28e4,3.69e4,4.10e4,4.51e4,4.91e4,5.32e4,5.73e4,6.14e4,6.55e4,7.37e4,8.19e4,9.01e4,9.83e4,1.06e5,1.15e5,1.23e5,1.31e5,1.47e5,1.64e5,1.80e5,1.97e5,2.13e5,2.29e5,2.46e5,2.62e5,2.95e5,3.28e5,3.60e5,3.93e5,4.26e5,4.59e5,4.92e5,5.24e5,5.90e5,6.55e5,7.21e5,7.86e5,8.52e5,9.18e5,9.83e5,1.05e6,1.18e6,1.31e6,1.44e6,1.57e6,1.70e6,1.84e6,1.97e6,2.10e6,2.36e6,2.62e6,2.88e6,3.15e6,3.41e6,3.67e6,3.93e6,4.19e6,4.72e6,5.24e6,5.77e6,6.29e6,6.82e6,7.34e6,7.86e6,8.39e6,9.44e6,1.05e7,1.15e7,1.26e7,1.36e7,1.47e7,1.57e7,1.68e7,1.89e7,2.10e7,2.31e7,2.52e7,2.73e7,2.94e7,3.15e7,3.36e7,3.77e7,4.19e7,4.61e7,5.03e7,5.45e7,5.87e7,6.29e7","0.531,0.530,0.534,0.532,0.534,0.532,0.533,0.529,0.530,0.529,0.530,0.526,0.525,0.524,0.522,0.520,0.516,0.514,0.510,0.506,0.502,0.496,0.490,0.485,0.477,0.467,0.460,0.449,0.437,0.426,0.414,0.401,0.391,0.378,0.359,0.339,0.316,0.287,0.261,0.230,0.203,0.179,0.212,0.252,0.248,0.154,0.242,0.179,0.165,0.0574","1.50,2.00,2.50,3.50,4.50,5.50,7.50,9.50,11.5,14.5,18.5,22.5,28.5,36.5,44.5,56.5,68.5,84.5,109,141,173,221,285,349,445,573,701,893,1150,1400,1790,2300,2810,3580,4600,5630,7160,9210,1.13e4,1.43e4,1.84e4,2.25e4,2.87e4,3.69e4,4.51e4,5.73e4,7.37e4,9.01e4,1.15e5,1.47e5","0.525,0.525,0.525,0.525,0.525,0.525,0.525,0.524,0.524,0.524,0.524,0.523,0.523,0.522,0.521,0.521,0.520,0.518,0.516,0.514,0.511,0.508,0.503,0.498,0.491,0.482,0.473,0.461,0.446,0.433,0.414,0.393,0.376,0.356,0.340,0.335,0.344","1.50,2.00,2.50,3.50,4.50,5.50,7.50,9.50,11.5,14.5,18.5,22.5,28.5,36.5,44.5,56.5,68.5,84.5,109,141,173,221,285,349,445,573,701,893,1150,1400,1790,2300,2810,3580,4600,5630,7160","22817.9","0.587","0.304"
"8"," 1","2.50","0.514,0.522,0.517,0.525,0.528,0.525,0.520,0.520,0.520,0.521,0.516,0.517,0.519,0.516,0.518,0.513,0.515,0.515,0.514,0.513,0.511,0.512,0.510,0.507,0.508,0.507,0.505,0.503,0.503,0.500,0.498,0.498,0.497,0.493,0.491,0.489,0.486,0.485,0.483,0.481,0.479,0.475,0.472,0.469,0.465,0.463,0.460,0.456,0.454,0.450,0.445,0.441,0.438,0.433,0.430,0.426,0.422,0.416,0.410,0.404,0.399,0.395,0.390,0.385,0.381,0.374,0.367,0.361,0.355,0.350,0.346,0.341,0.337,0.330,0.322,0.315,0.309,0.303,0.298,0.293,0.289,0.279,0.270,0.262,0.256,0.253,0.249,0.245,0.240,0.226,0.216,0.211,0.205,0.199,0.195,0.195,0.193,0.182,0.173,0.169,0.172,0.173,0.172,0.174,0.176,0.175,0.183,0.184,0.169,0.157,0.152,0.144,0.146,0.158,0.160,0.149,0.136,0.142,0.146,0.146,0.144,0.136,0.129,0.117,0.125,0.115,0.120,0.106,0.0980,0.0898,0.0895,0.0734,0.0503,0.0336,0.0216,0.00,0.00137,0.00,0.00,0.00,0.00,0.00,0.00,0.00,0.00,0.00,0.00,0.00,0.00,0.00,0.00,0.00,0.00,0.00,0.00,0.00,0.00,0.00,0.00,0.00,0.00,0.00,0.00,0.00,0.00,0.00,0.00,0.00,0.00,0.00,0.00,0.00,0.00,0.00,0.00,0.00,0.00,0.00,0.00,0.00,0.00,0.00,0.00,0.00,0.00,0.00,0.00,0.00,0.00,0.00,0.00,0.00","0.500,1.00,1.50,2.00,2.50,3.00,3.50,4.00,4.50,5.50,6.50,7.50,8.50,9.50,10.5,11.5,12.5,14.5,16.5,18.5,20.5,22.5,24.5,26.5,28.5,32.5,36.5,40.5,44.5,48.5,52.5,56.5,60.5,68.5,76.5,84.5,92.5,101,109,117,125,141,157,173,189,205,221,237,253,285,317,349,381,413,445,477,509,573,637,701,765,829,893,957,1020,1150,1280,1400,1530,1660,1790,1920,2040,2300,2560,2810,3070,3320,3580,3840,4090,4600,5120,5630,6140,6650,7160,7680,8190,9210,1.02e4,1.13e4,1.23e4,1.33e4,1.43e4,1.54e4,1.64e4,1.84e4,2.05e4,2.25e4,2.46e4,2.66e4,2.87e4,3.07e4,3.28e4,3.69e4,4.10e4,4.51e4,4.91e4,5.32e4,5.73e4,6.14e4,6.55e4,7.37e4,8.19e4,9.01e4,9.83e4,1.06e5,1.15e5,1.23e5,1.31e5,1.47e5,1.64e5,1.80e5,1.97e5,2.13e5,2.29e5,2.46e5,2.62e5,2.95e5,3.28e5,3.60e5,3.93e5,4.26e5,4.59e5,4.92e5,5.24e5,5.90e5,6.55e5,7.21e5,7.86e5,8.52e5,9.18e5,9.83e5,1.05e6,1.18e6,1.31e6,1.44e6,1.57e6,1.70e6,1.84e6,1.97e6,2.10e6,2.36e6,2.62e6,2.88e6,3.15e6,3.41e6,3.67e6,3.93e6,4.19e6,4.72e6,5.24e6,5.77e6,6.29e6,6.82e6,7.34e6,7.86e6,8.39e6,9.44e6,1.05e7,1.15e7,1.26e7,1.36e7,1.47e7,1.57e7,1.68e7,1.89e7,2.10e7,2.31e7,2.52e7,2.73e7,2.94e7,3.15e7,3.36e7,3.77e7,4.19e7,4.61e7,5.03e7,5.45e7,5.87e7,6.29e7","0.618,0.624,0.627,0.620,0.620,0.621,0.618,0.617,0.614,0.616,0.615,0.614,0.610,0.608,0.606,0.602,0.598,0.595,0.589,0.583,0.578,0.569,0.561,0.553,0.542,0.530,0.519,0.504,0.488,0.475,0.458,0.441,0.424,0.403,0.379,0.356,0.337,0.301,0.275,0.244,0.215,0.183,0.190,0.198,0.219,0.127,0.151,0.116,0.100,0.0226","1.50,2.00,2.50,3.50,4.50,5.50,7.50,9.50,11.5,14.5,18.5,22.5,28.5,36.5,44.5,56.5,68.5,84.5,109,141,173,221,285,349,445,573,701,893,1150,1400,1790,2300,2810,3580,4600,5630,7160,9210,1.13e4,1.43e4,1.84e4,2.25e4,2.87e4,3.69e4,4.51e4,5.73e4,7.37e4,9.01e4,1.15e5,1.47e5","0.612,0.612,0.612,0.612,0.612,0.612,0.611,0.611,0.611,0.611,0.610,0.609,0.609,0.608,0.607,0.605,0.603,0.601,0.598,0.594,0.590,0.584,0.577,0.569,0.559,0.545,0.532,0.514,0.492,0.473,0.448,0.422,0.402,0.383,0.375,0.387","1.50,2.00,2.50,3.50,4.50,5.50,7.50,9.50,11.5,14.5,18.5,22.5,28.5,36.5,44.5,56.5,68.5,84.5,109,141,173,221,285,349,445,573,701,893,1150,1400,1790,2300,2810,3580,4600,5630","5860.8","0.526","0.135"
"9"," 1","2.60","0.523,0.530,0.531,0.534,0.532,0.532,0.532,0.530,0.533,0.530,0.528,0.529,0.528,0.527,0.526,0.527,0.526,0.525,0.527,0.526,0.523,0.522,0.523,0.522,0.522,0.521,0.521,0.519,0.518,0.517,0.515,0.516,0.515,0.512,0.511,0.509,0.508,0.507,0.505,0.504,0.503,0.500,0.499,0.496,0.493,0.492,0.490,0.488,0.486,0.483,0.480,0.477,0.474,0.472,0.469,0.468,0.465,0.461,0.457,0.452,0.448,0.445,0.443,0.439,0.437,0.431,0.427,0.422,0.418,0.414,0.410,0.406,0.403,0.397,0.391,0.387,0.382,0.378,0.374,0.370,0.366,0.358,0.351,0.346,0.340,0.335,0.331,0.329,0.327,0.319,0.313,0.307,0.301,0.296,0.293,0.291,0.290,0.279,0.267,0.258,0.257,0.259,0.261,0.263,0.264,0.263,0.267,0.269,0.261,0.250,0.252,0.255,0.255,0.260,0.255,0.235,0.217,0.211,0.217,0.222,0.214,0.211,0.203,0.183,0.188,0.173,0.169,0.162,0.155,0.156,0.145,0.132,0.115,0.0990,0.0840,0.0810,0.0776,0.0759,0.0757,0.0661,0.0818,0.100,0.119,0.136,0.144,0.120,0.0717,0.0370,0.00,0.00,0.00,0.00,0.00,0.00,0.00,0.00,0.00,0.00,0.00,0.0151,0.00,0.00,0.00,0.00,0.00,0.00,0.00,0.00,0.00,0.00,0.00,0.00,0.00,0.00,0.00,0.00,0.00,0.00,0.00,0.00,0.00,0.00,0.00,0.00,0.00,0.00,0.00,0.00,0.00,0.00,0.00,0.00","0.500,1.00,1.50,2.00,2.50,3.00,3.50,4.00,4.50,5.50,6.50,7.50,8.50,9.50,10.5,11.5,12.5,14.5,16.5,18.5,20.5,22.5,24.5,26.5,28.5,32.5,36.5,40.5,44.5,48.5,52.5,56.5,60.5,68.5,76.5,84.5,92.5,101,109,117,125,141,157,173,189,205,221,237,253,285,317,349,381,413,445,477,509,573,637,701,765,829,893,957,1020,1150,1280,1400,1530,1660,1790,1920,2040,2300,2560,2810,3070,3320,3580,3840,4090,4600,5120,5630,6140,6650,7160,7680,8190,9210,1.02e4,1.13e4,1.23e4,1.33e4,1.43e4,1.54e4,1.64e4,1.84e4,2.05e4,2.25e4,2.46e4,2.66e4,2.87e4,3.07e4,3.28e4,3.69e4,4.10e4,4.51e4,4.91e4,5.32e4,5.73e4,6.14e4,6.55e4,7.37e4,8.19e4,9.01e4,9.83e4,1.06e5,1.15e5,1.23e5,1.31e5,1.47e5,1.64e5,1.80e5,1.97e5,2.13e5,2.29e5,2.46e5,2.62e5,2.95e5,3.28e5,3.60e5,3.93e5,4.26e5,4.59e5,4.92e5,5.24e5,5.90e5,6.55e5,7.21e5,7.86e5,8.52e5,9.18e5,9.83e5,1.05e6,1.18e6,1.31e6,1.44e6,1.57e6,1.70e6,1.84e6,1.97e6,2.10e6,2.36e6,2.62e6,2.88e6,3.15e6,3.41e6,3.67e6,3.93e6,4.19e6,4.72e6,5.24e6,5.77e6,6.29e6,6.82e6,7.34e6,7.86e6,8.39e6,9.44e6,1.05e7,1.15e7,1.26e7,1.36e7,1.47e7,1.57e7,1.68e7,1.89e7,2.10e7,2.31e7,2.52e7,2.73e7,2.94e7,3.15e7,3.36e7,3.77e7,4.19e7,4.61e7,5.03e7,5.45e7,5.87e7,6.29e7","0.570,0.573,0.571,0.571,0.572,0.569,0.568,0.566,0.566,0.565,0.566,0.562,0.563,0.562,0.559,0.557,0.553,0.551,0.546,0.542,0.538,0.533,0.526,0.521,0.513,0.505,0.497,0.487,0.475,0.465,0.452,0.437,0.425,0.410,0.390,0.374,0.354,0.336,0.318,0.295,0.270,0.229,0.235,0.239,0.252,0.214,0.233,0.171,0.104,0.0677","1.50,2.00,2.50,3.50,4.50,5.50,7.50,9.50,11.5,14.5,18.5,22.5,28.5,36.5,44.5,56.5,68.5,84.5,109,141,173,221,285,349,445,573,701,893,1150,1400,1790,2300,2810,3580,4600,5630,7160,9210,1.13e4,1.43e4,1.84e4,2.25e4,2.87e4,3.69e4,4.51e4,5.73e4,7.37e4,9.01e4,1.15e5,1.47e5","0.562,0.562,0.562,0.562,0.562,0.562,0.562,0.561,0.561,0.561,0.561,0.560,0.560,0.559,0.559,0.558,0.557,0.555,0.553,0.551,0.548,0.545,0.540,0.535,0.528,0.519,0.510,0.498,0.483,0.469,0.450,0.429,0.411,0.391,0.375,0.368,0.378","1.50,2.00,2.50,3.50,4.50,5.50,7.50,9.50,11.5,14.5,18.5,22.5,28.5,36.5,44.5,56.5,68.5,84.5,109,141,173,221,285,349,445,573,701,893,1150,1400,1790,2300,2810,3580,4600,5630,7160","5300.7","0.534","0.206"
"10"," 1","2.70","0.403,0.406,0.407,0.411,0.409,0.409,0.406,0.411,0.408,0.407,0.406,0.409,0.409,0.408,0.405,0.407,0.407,0.403,0.404,0.403,0.406,0.405,0.404,0.404,0.404,0.404,0.401,0.399,0.400,0.398,0.400,0.398,0.396,0.397,0.395,0.394,0.392,0.392,0.390,0.389,0.388,0.386,0.386,0.384,0.382,0.381,0.381,0.378,0.378,0.376,0.373,0.371,0.368,0.367,0.365,0.363,0.362,0.358,0.355,0.352,0.349,0.347,0.345,0.342,0.339,0.335,0.331,0.328,0.324,0.321,0.318,0.315,0.312,0.308,0.303,0.299,0.294,0.291,0.288,0.286,0.283,0.276,0.269,0.263,0.258,0.254,0.251,0.248,0.245,0.238,0.233,0.231,0.226,0.222,0.219,0.217,0.211,0.200,0.189,0.182,0.182,0.185,0.187,0.188,0.186,0.187,0.195,0.196,0.189,0.187,0.190,0.189,0.192,0.192,0.186,0.174,0.161,0.162,0.170,0.169,0.166,0.167,0.157,0.141,0.150,0.144,0.139,0.126,0.121,0.0986,0.0880,0.0726,0.0597,0.0386,0.0244,0.00946,0.00,0.00,0.00,0.00,0.00,0.00,0.00,0.00,0.00,0.0320,0.0617,0.0963,0.108,0.0985,0.0797,0.0399,0.00202,0.00,0.00,0.00701,0.0134,0.00,0.00,0.00,0.00,0.00,0.00,0.00,0.00,0.00,0.00,0.00,0.00,0.00,0.00,0.00,0.00,0.00,0.00,0.00,0.00,0.00,0.00,0.00,0.00,0.00,0.00,0.00,0.00,0.00,0.00,0.00,0.00,0.00,0.00,0.00","0.500,1.00,1.50,2.00,2.50,3.00,3.50,4.00,4.50,5.50,6.50,7.50,8.50,9.50,10.5,11.5,12.5,14.5,16.5,18.5,20.5,22.5,24.5,26.5,28.5,32.5,36.5,40.5,44.5,48.5,52.5,56.5,60.5,68.5,76.5,84.5,92.5,101,109,117,125,141,157,173,189,205,221,237,253,285,317,349,381,413,445,477,509,573,637,701,765,829,893,957,1020,1150,1280,1400,1530,1660,1790,1920,2040,2300,2560,2810,3070,3320,3580,3840,4090,4600,5120,5630,6140,6650,7160,7680,8190,9210,1.02e4,1.13e4,1.23e4,1.33e4,1.43e4,1.54e4,1.64e4,1.84e4,2.05e4,2.25e4,2.46e4,2.66e4,2.87e4,3.07e4,3.28e4,3.69e4,4.10e4,4.51e4,4.91e4,5.32e4,5.73e4,6.14e4,6.55e4,7.37e4,8.19e4,9.01e4,9.83e4,1.06e5,1.15e5,1.23e5,1.31e5,1.47e5,1.64e5,1.80e5,1.97e5,2.13e5,2.29e5,2.46e5,2.62e5,2.95e5,3.28e5,3.60e5,3.93e5,4.26e5,4.59e5,4.92e5,5.24e5,5.90e5,6.55e5,7.21e5,7.86e5,8.52e5,9.18e5,9.83e5,1.05e6,1.18e6,1.31e6,1.44e6,1.57e6,1.70e6,1.84e6,1.97e6,2.10e6,2.36e6,2.62e6,2.88e6,3.15e6,3.41e6,3.67e6,3.93e6,4.19e6,4.72e6,5.24e6,5.77e6,6.29e6,6.82e6,7.34e6,7.86e6,8.39e6,9.44e6,1.05e7,1.15e7,1.26e7,1.36e7,1.47e7,1.57e7,1.68e7,1.89e7,2.10e7,2.31e7,2.52e7,2.73e7,2.94e7,3.15e7,3.36e7,3.77e7,4.19e7,4.61e7,5.03e7,5.45e7,5.87e7,6.29e7","0.497,0.501,0.499,0.496,0.498,0.496,0.499,0.498,0.497,0.492,0.493,0.495,0.493,0.490,0.490,0.487,0.487,0.483,0.480,0.476,0.474,0.470,0.464,0.459,0.452,0.445,0.438,0.430,0.418,0.409,0.397,0.385,0.372,0.358,0.340,0.321,0.301,0.279,0.266,0.244,0.199,0.148,0.164,0.163,0.190,0.173,0.178,0.119,0.0978,0.0821","1.50,2.00,2.50,3.50,4.50,5.50,7.50,9.50,11.5,14.5,18.5,22.5,28.5,36.5,44.5,56.5,68.5,84.5,109,141,173,221,285,349,445,573,701,893,1150,1400,1790,2300,2810,3580,4600,5630,7160,9210,1.13e4,1.43e4,1.84e4,2.25e4,2.87e4,3.69e4,4.51e4,5.73e4,7.37e4,9.01e4,1.15e5,1.47e5","0.492,0.492,0.492,0.492,0.492,0.492,0.492,0.492,0.492,0.491,0.491,0.491,0.490,0.490,0.489,0.488,0.488,0.487,0.485,0.483,0.481,0.478,0.473,0.469,0.463,0.456,0.449,0.438,0.425,0.413,0.397,0.378,0.362,0.344,0.327,0.319,0.321","1.50,2.00,2.50,3.50,4.50,5.50,7.50,9.50,11.5,14.5,18.5,22.5,28.5,36.5,44.5,56.5,68.5,84.5,109,141,173,221,285,349,445,573,701,893,1150,1400,1790,2300,2810,3580,4600,5630,7160","4650.5","0.410","0.160"
"11"," 1","2.80","0.533,0.545,0.547,0.549,0.543,0.545,0.547,0.548,0.546,0.546,0.543,0.545,0.543,0.543,0.548,0.544,0.542,0.542,0.543,0.540,0.541,0.540,0.538,0.539,0.539,0.537,0.537,0.537,0.537,0.534,0.533,0.532,0.532,0.531,0.530,0.528,0.527,0.525,0.524,0.523,0.521,0.521,0.518,0.515,0.513,0.512,0.510,0.509,0.507,0.505,0.502,0.500,0.496,0.494,0.492,0.489,0.487,0.483,0.480,0.475,0.472,0.469,0.465,0.462,0.459,0.453,0.448,0.443,0.439,0.434,0.431,0.427,0.424,0.417,0.412,0.406,0.402,0.398,0.393,0.388,0.384,0.375,0.364,0.356,0.349,0.344,0.340,0.335,0.330,0.320,0.312,0.307,0.303,0.298,0.295,0.289,0.281,0.267,0.258,0.251,0.249,0.249,0.253,0.254,0.257,0.262,0.271,0.280,0.279,0.275,0.273,0.268,0.266,0.265,0.257,0.250,0.235,0.235,0.244,0.242,0.227,0.229,0.236,0.198,0.194,0.195,0.183,0.178,0.170,0.160,0.152,0.135,0.118,0.104,0.0863,0.0728,0.0518,0.0273,0.00110,0.00,0.00,0.00,0.00,0.00,0.00,0.00,0.0575,0.101,0.152,0.186,0.219,0.243,0.225,0.175,0.125,0.0690,0.0655,0.108,0.170,0.188,0.00,0.00,0.00,0.00,0.00,0.00,0.00,0.00,0.00,0.00,0.00,0.00,0.00,0.00,0.00,0.00,0.00,0.00,0.00,0.00,0.00,0.00,0.00,0.00,0.00,0.00,0.00,0.00,0.00,0.00,0.00,0.00","0.500,1.00,1.50,2.00,2.50,3.00,3.50,4.00,4.50,5.50,6.50,7.50,8.50,9.50,10.5,11.5,12.5,14.5,16.5,18.5,20.5,22.5,24.5,26.5,28.5,32.5,36.5,40.5,44.5,48.5,52.5,56.5,60.5,68.5,76.5,84.5,92.5,101,109,117,125,141,157,173,189,205,221,237,253,285,317,349,381,413,445,477,509,573,637,701,765,829,893,957,1020,1150,1280,1400,1530,1660,1790,1920,2040,2300,2560,2810,3070,3320,3580,3840,4090,4600,5120,5630,6140,6650,7160,7680,8190,9210,1.02e4,1.13e4,1.23e4,1.33e4,1.43e4,1.54e4,1.64e4,1.84e4,2.05e4,2.25e4,2.46e4,2.66e4,2.87e4,3.07e4,3.28e4,3.69e4,4.10e4,4.51e4,4.91e4,5.32e4,5.73e4,6.14e4,6.55e4,7.37e4,8.19e4,9.01e4,9.83e4,1.06e5,1.15e5,1.23e5,1.31e5,1.47e5,1.64e5,1.80e5,1.97e5,2.13e5,2.29e5,2.46e5,2.62e5,2.95e5,3.28e5,3.60e5,3.93e5,4.26e5,4.59e5,4.92e5,5.24e5,5.90e5,6.55e5,7.21e5,7.86e5,8.52e5,9.18e5,9.83e5,1.05e6,1.18e6,1.31e6,1.44e6,1.57e6,1.70e6,1.84e6,1.97e6,2.10e6,2.36e6,2.62e6,2.88e6,3.15e6,3.41e6,3.67e6,3.93e6,4.19e6,4.72e6,5.24e6,5.77e6,6.29e6,6.82e6,7.34e6,7.86e6,8.39e6,9.44e6,1.05e7,1.15e7,1.26e7,1.36e7,1.47e7,1.57e7,1.68e7,1.89e7,2.10e7,2.31e7,2.52e7,2.73e7,2.94e7,3.15e7,3.36e7,3.77e7,4.19e7,4.61e7,5.03e7,5.45e7,5.87e7,6.29e7","0.567,0.569,0.564,0.567,0.566,0.566,0.565,0.563,0.564,0.563,0.561,0.561,0.560,0.558,0.558,0.553,0.552,0.550,0.546,0.543,0.538,0.534,0.529,0.524,0.516,0.508,0.500,0.490,0.477,0.466,0.453,0.438,0.425,0.410,0.386,0.361,0.338,0.307,0.286,0.264,0.205,0.159,0.165,0.190,0.233,0.219,0.199,0.156,0.135,0.0566","1.50,2.00,2.50,3.50,4.50,5.50,7.50,9.50,11.5,14.5,18.5,22.5,28.5,36.5,44.5,56.5,68.5,84.5,109,141,173,221,285,349,445,573,701,893,1150,1400,1790,2300,2810,3580,4600,5630,7160,9210,1.13e4,1.43e4,1.84e4,2.25e4,2.87e4,3.69e4,4.51e4,5.73e4,7.37e4,9.01e4,1.15e5,1.47e5","0.559,0.559,0.559,0.559,0.559,0.559,0.559,0.558,0.558,0.558,0.558,0.557,0.557,0.556,0.556,0.555,0.554,0.553,0.551,0.549,0.547,0.544,0.540,0.535,0.529,0.521,0.514,0.502,0.488,0.475,0.457,0.435,0.416,0.392,0.367,0.350,0.334,0.333","1.50,2.00,2.50,3.50,4.50,5.50,7.50,9.50,11.5,14.5,18.5,22.5,28.5,36.5,44.5,56.5,68.5,84.5,109,141,173,221,285,349,445,573,701,893,1150,1400,1790,2300,2810,3580,4600,5630,7160,9210","2006.6","0.548","0.225"
"12"," 1","2.90","0.467,0.479,0.478,0.478,0.478,0.476,0.477,0.479,0.476,0.481,0.480,0.476,0.476,0.478,0.479,0.479,0.478,0.479,0.475,0.477,0.476,0.475,0.476,0.474,0.476,0.473,0.473,0.472,0.471,0.472,0.470,0.472,0.470,0.469,0.468,0.467,0.467,0.467,0.465,0.464,0.464,0.462,0.462,0.460,0.459,0.458,0.457,0.455,0.454,0.453,0.450,0.448,0.446,0.445,0.443,0.442,0.440,0.437,0.435,0.432,0.429,0.427,0.425,0.423,0.421,0.416,0.412,0.408,0.405,0.401,0.398,0.394,0.392,0.386,0.381,0.376,0.372,0.367,0.363,0.359,0.355,0.346,0.338,0.331,0.325,0.321,0.317,0.314,0.309,0.300,0.294,0.290,0.284,0.278,0.277,0.276,0.272,0.261,0.254,0.252,0.254,0.258,0.259,0.261,0.261,0.255,0.258,0.255,0.251,0.248,0.249,0.246,0.242,0.242,0.229,0.223,0.226,0.228,0.227,0.214,0.211,0.206,0.208,0.187,0.188,0.184,0.180,0.163,0.154,0.133,0.122,0.106,0.0846,0.0684,0.0432,0.0283,0.00834,0.00,0.00,0.00,0.00,0.00,0.00,0.00,0.00,0.00,0.00,0.00,0.00,0.00,0.00,0.00,0.00,0.00,0.00,0.00,0.00,0.00,0.00,0.00,0.00,0.00,0.00,0.00,0.00,0.00,0.00,0.00,0.00,0.00,0.00,0.00,0.00,0.00,0.00,0.00,0.00,0.00,0.00,0.00,0.00,0.00,0.00,0.00,0.00,0.00,0.00,0.00,0.00,0.00,0.00,0.00","0.500,1.00,1.50,2.00,2.50,3.00,3.50,4.00,4.50,5.50,6.50,7.50,8.50,9.50,10.5,11.5,12.5,14.5,16.5,18.5,20.5,22.5,24.5,26.5,28.5,32.5,36.5,40.5,44.5,48.5,52.5,56.5,60.5,68.5,76.5,84.5,92.5,101,109,117,125,141,157,173,189,205,221,237,253,285,317,349,381,413,445,477,509,573,637,701,765,829,893,957,1020,1150,1280,1400,1530,1660,1790,1920,2040,2300,2560,2810,3070,3320,3580,3840,4090,4600,5120,5630,6140,6650,7160,7680,8190,9210,1.02e4,1.13e4,1.23e4,1.33e4,1.43e4,1.54e4,1.64e4,1.84e4,2.05e4,2.25e4,2.46e4,2.66e4,2.87e4,3.07e4,3.28e4,3.69e4,4.10e4,4.51e4,4.91e4,5.32e4,5.73e4,6.14e4,6.55e4,7.37e4,8.19e4,9.01e4,9.83e4,1.06e5,1.15e5,1.23e5,1.31e5,1.47e5,1.64e5,1.80e5,1.97e5,2.13e5,2.29e5,2.46e5,2.62e5,2.95e5,3.28e5,3.60e5,3.93e5,4.26e5,4.59e5,4.92e5,5.24e5,5.90e5,6.55e5,7.21e5,7.86e5,8.52e5,9.18e5,9.83e5,1.05e6,1.18e6,1.31e6,1.44e6,1.57e6,1.70e6,1.84e6,1.97e6,2.10e6,2.36e6,2.62e6,2.88e6,3.15e6,3.41e6,3.67e6,3.93e6,4.19e6,4.72e6,5.24e6,5.77e6,6.29e6,6.82e6,7.34e6,7.86e6,8.39e6,9.44e6,1.05e7,1.15e7,1.26e7,1.36e7,1.47e7,1.57e7,1.68e7,1.89e7,2.10e7,2.31e7,2.52e7,2.73e7,2.94e7,3.15e7,3.36e7,3.77e7,4.19e7,4.61e7,5.03e7,5.45e7,5.87e7,6.29e7","0.519,0.519,0.520,0.518,0.517,0.522,0.517,0.520,0.520,0.520,0.518,0.517,0.517,0.514,0.513,0.513,0.510,0.508,0.507,0.503,0.502,0.498,0.494,0.490,0.485,0.478,0.473,0.465,0.456,0.447,0.435,0.421,0.409,0.393,0.371,0.349,0.329,0.302,0.285,0.261,0.230,0.209,0.225,0.215,0.214,0.201,0.182,0.119,0.134","1.50,2.00,2.50,3.50,4.50,5.50,7.50,9.50,11.5,14.5,18.5,22.5,28.5,36.5,44.5,56.5,68.5,84.5,109,141,173,221,285,349,445,573,701,893,1150,1400,1790,2300,2810,3580,4600,5630,7160,9210,1.13e4,1.43e4,1.84e4,2.25e4,2.87e4,3.69e4,4.51e4,5.73e4,7.37e4,9.01e4,1.15e5","0.515,0.515,0.515,0.515,0.515,0.515,0.515,0.515,0.515,0.514,0.514,0.514,0.514,0.513,0.513,0.512,0.512,0.511,0.510,0.508,0.506,0.504,0.501,0.498,0.493,0.487,0.481,0.473,0.462,0.451,0.437,0.419,0.404,0.383,0.361,0.344,0.326,0.316","1.50,2.00,2.50,3.50,4.50,5.50,7.50,9.50,11.5,14.5,18.5,22.5,28.5,36.5,44.5,56.5,68.5,84.5,109,141,173,221,285,349,445,573,701,893,1150,1400,1790,2300,2810,3580,4600,5630,7160,9210","2247.4","0.476","0.209"
"13"," 1","3.00","0.491,0.502,0.501,0.500,0.502,0.502,0.502,0.502,0.503,0.502,0.502,0.500,0.501,0.500,0.500,0.500,0.500,0.499,0.499,0.499,0.497,0.498,0.498,0.498,0.498,0.496,0.496,0.496,0.496,0.495,0.496,0.495,0.494,0.494,0.493,0.493,0.492,0.491,0.490,0.490,0.489,0.488,0.486,0.485,0.485,0.484,0.483,0.482,0.481,0.480,0.478,0.477,0.475,0.474,0.472,0.471,0.470,0.468,0.465,0.463,0.461,0.459,0.458,0.456,0.454,0.452,0.448,0.446,0.443,0.440,0.438,0.436,0.434,0.431,0.428,0.425,0.423,0.421,0.418,0.416,0.413,0.407,0.401,0.396,0.392,0.389,0.386,0.383,0.381,0.375,0.369,0.365,0.362,0.358,0.355,0.352,0.347,0.337,0.328,0.323,0.323,0.326,0.328,0.329,0.328,0.325,0.326,0.323,0.317,0.314,0.316,0.316,0.319,0.323,0.319,0.305,0.293,0.285,0.287,0.284,0.282,0.288,0.280,0.260,0.263,0.253,0.244,0.235,0.227,0.212,0.205,0.194,0.181,0.179,0.167,0.159,0.146,0.118,0.0873,0.0586,0.0422,0.0336,0.0254,0.0265,0.0191,0.00591,0.00,0.00,0.00,0.00,0.00,0.00,0.00,0.00,0.00,0.00,0.00,0.00,0.00,0.00,0.00,0.00,0.00,0.00,0.00,0.00,0.00,0.00,0.00,0.00,0.00,0.00,0.00,0.00,0.00,0.00,0.00,0.00,0.00,0.00,0.00,0.00,0.00,0.00,0.00,0.00,0.00,0.00,0.00,0.00,0.00,0.00","0.500,1.00,1.50,2.00,2.50,3.00,3.50,4.00,4.50,5.50,6.50,7.50,8.50,9.50,10.5,11.5,12.5,14.5,16.5,18.5,20.5,22.5,24.5,26.5,28.5,32.5,36.5,40.5,44.5,48.5,52.5,56.5,60.5,68.5,76.5,84.5,92.5,101,109,117,125,141,157,173,189,205,221,237,253,285,317,349,381,413,445,477,509,573,637,701,765,829,893,957,1020,1150,1280,1400,1530,1660,1790,1920,2040,2300,2560,2810,3070,3320,3580,3840,4090,4600,5120,5630,6140,6650,7160,7680,8190,9210,1.02e4,1.13e4,1.23e4,1.33e4,1.43e4,1.54e4,1.64e4,1.84e4,2.05e4,2.25e4,2.46e4,2.66e4,2.87e4,3.07e4,3.28e4,3.69e4,4.10e4,4.51e4,4.91e4,5.32e4,5.73e4,6.14e4,6.55e4,7.37e4,8.19e4,9.01e4,9.83e4,1.06e5,1.15e5,1.23e5,1.31e5,1.47e5,1.64e5,1.80e5,1.97e5,2.13e5,2.29e5,2.46e5,2.62e5,2.95e5,3.28e5,3.60e5,3.93e5,4.26e5,4.59e5,4.92e5,5.24e5,5.90e5,6.55e5,7.21e5,7.86e5,8.52e5,9.18e5,9.83e5,1.05e6,1.18e6,1.31e6,1.44e6,1.57e6,1.70e6,1.84e6,1.97e6,2.10e6,2.36e6,2.62e6,2.88e6,3.15e6,3.41e6,3.67e6,3.93e6,4.19e6,4.72e6,5.24e6,5.77e6,6.29e6,6.82e6,7.34e6,7.86e6,8.39e6,9.44e6,1.05e7,1.15e7,1.26e7,1.36e7,1.47e7,1.57e7,1.68e7,1.89e7,2.10e7,2.31e7,2.52e7,2.73e7,2.94e7,3.15e7,3.36e7,3.77e7,4.19e7,4.61e7,5.03e7,5.45e7,5.87e7,6.29e7","0.471,0.471,0.472,0.472,0.473,0.472,0.470,0.471,0.470,0.469,0.470,0.469,0.469,0.466,0.466,0.465,0.464,0.463,0.460,0.457,0.455,0.452,0.448,0.445,0.440,0.435,0.430,0.424,0.416,0.409,0.400,0.390,0.383,0.374,0.358,0.343,0.328,0.310,0.295,0.276,0.242,0.211,0.223,0.215,0.211,0.193,0.212,0.164,0.0920,0.0942","1.50,2.00,2.50,3.50,4.50,5.50,7.50,9.50,11.5,14.5,18.5,22.5,28.5,36.5,44.5,56.5,68.5,84.5,109,141,173,221,285,349,445,573,701,893,1150,1400,1790,2300,2810,3580,4600,5630,7160,9210,1.13e4,1.43e4,1.84e4,2.25e4,2.87e4,3.69e4,4.51e4,5.73e4,7.37e4,9.01e4,1.15e5,1.47e5","0.467,0.467,0.467,0.467,0.467,0.467,0.467,0.467,0.466,0.466,0.466,0.466,0.466,0.465,0.465,0.465,0.464,0.463,0.462,0.461,0.460,0.458,0.455,0.453,0.449,0.444,0.440,0.433,0.424,0.416,0.404,0.391,0.378,0.363,0.346,0.334,0.324,0.324","1.50,2.00,2.50,3.50,4.50,5.50,7.50,9.50,11.5,14.5,18.5,22.5,28.5,36.5,44.5,56.5,68.5,84.5,109,141,173,221,285,349,445,573,701,893,1150,1400,1790,2300,2810,3580,4600,5630,7160,9210","1517.0","0.501","0.279"
"14"," 1","3.10","0.436,0.451,0.449,0.446,0.447,0.442,0.448,0.445,0.446,0.446,0.446,0.444,0.443,0.445,0.443,0.445,0.446,0.445,0.443,0.443,0.445,0.445,0.440,0.444,0.444,0.440,0.441,0.441,0.440,0.440,0.439,0.439,0.438,0.437,0.435,0.435,0.436,0.432,0.432,0.431,0.430,0.430,0.428,0.427,0.425,0.424,0.423,0.422,0.420,0.418,0.416,0.415,0.412,0.410,0.409,0.406,0.405,0.402,0.398,0.396,0.393,0.391,0.388,0.386,0.383,0.379,0.375,0.371,0.367,0.364,0.361,0.358,0.355,0.349,0.345,0.340,0.335,0.330,0.326,0.321,0.316,0.307,0.297,0.288,0.280,0.274,0.269,0.263,0.258,0.246,0.237,0.232,0.225,0.219,0.216,0.212,0.206,0.195,0.187,0.177,0.174,0.173,0.172,0.173,0.176,0.181,0.192,0.195,0.202,0.212,0.214,0.204,0.196,0.190,0.183,0.178,0.176,0.165,0.163,0.156,0.155,0.180,0.163,0.133,0.144,0.146,0.135,0.120,0.116,0.101,0.0858,0.0714,0.0615,0.0486,0.0334,0.0224,0.0152,0.00,0.00,0.00,0.00,0.00,0.00,0.00,0.00,0.00,0.00,0.00,0.00,0.00,0.0142,0.0314,0.0417,0.0210,0.0102,0.0227,0.00,0.00149,0.0342,0.0378,0.00,0.00,0.00,0.00,0.00,0.00,0.00,0.00,0.00,0.00,0.00,0.00,0.00,0.00,0.00,0.00,0.00,0.00,0.00,0.00,0.00,0.00,0.00,0.00,0.00,0.00,0.00,0.00,0.00,0.00,0.00,0.00","0.500,1.00,1.50,2.00,2.50,3.00,3.50,4.00,4.50,5.50,6.50,7.50,8.50,9.50,10.5,11.5,12.5,14.5,16.5,18.5,20.5,22.5,24.5,26.5,28.5,32.5,36.5,40.5,44.5,48.5,52.5,56.5,60.5,68.5,76.5,84.5,92.5,101,109,117,125,141,157,173,189,205,221,237,253,285,317,349,381,413,445,477,509,573,637,701,765,829,893,957,1020,1150,1280,1400,1530,1660,1790,1920,2040,2300,2560,2810,3070,3320,3580,3840,4090,4600,5120,5630,6140,6650,7160,7680,8190,9210,1.02e4,1.13e4,1.23e4,1.33e4,1.43e4,1.54e4,1.64e4,1.84e4,2.05e4,2.25e4,2.46e4,2.66e4,2.87e4,3.07e4,3.28e4,3.69e4,4.10e4,4.51e4,4.91e4,5.32e4,5.73e4,6.14e4,6.55e4,7.37e4,8.19e4,9.01e4,9.83e4,1.06e5,1.15e5,1.23e5,1.31e5,1.47e5,1.64e5,1.80e5,1.97e5,2.13e5,2.29e5,2.46e5,2.62e5,2.95e5,3.28e5,3.60e5,3.93e5,4.26e5,4.59e5,4.92e5,5.24e5,5.90e5,6.55e5,7.21e5,7.86e5,8.52e5,9.18e5,9.83e5,1.05e6,1.18e6,1.31e6,1.44e6,1.57e6,1.70e6,1.84e6,1.97e6,2.10e6,2.36e6,2.62e6,2.88e6,3.15e6,3.41e6,3.67e6,3.93e6,4.19e6,4.72e6,5.24e6,5.77e6,6.29e6,6.82e6,7.34e6,7.86e6,8.39e6,9.44e6,1.05e7,1.15e7,1.26e7,1.36e7,1.47e7,1.57e7,1.68e7,1.89e7,2.10e7,2.31e7,2.52e7,2.73e7,2.94e7,3.15e7,3.36e7,3.77e7,4.19e7,4.61e7,5.03e7,5.45e7,5.87e7,6.29e7","0.540,0.537,0.538,0.539,0.538,0.538,0.536,0.537,0.537,0.536,0.534,0.536,0.536,0.533,0.532,0.531,0.529,0.527,0.525,0.522,0.519,0.515,0.511,0.507,0.501,0.494,0.489,0.481,0.471,0.462,0.452,0.438,0.427,0.410,0.387,0.361,0.334,0.297,0.273,0.242,0.194,0.142,0.121,0.153,0.194,0.238,0.180,0.144,0.0736,0.150","1.50,2.00,2.50,3.50,4.50,5.50,7.50,9.50,11.5,14.5,18.5,22.5,28.5,36.5,44.5,56.5,68.5,84.5,109,141,173,221,285,349,445,573,701,893,1150,1400,1790,2300,2810,3580,4600,5630,7160,9210,1.13e4,1.43e4,1.84e4,2.25e4,2.87e4,3.69e4,4.51e4,5.73e4,7.37e4,9.01e4,1.15e5,1.47e5","0.533,0.533,0.533,0.533,0.533,0.533,0.532,0.532,0.532,0.532,0.532,0.532,0.531,0.531,0.531,0.530,0.529,0.529,0.527,0.526,0.524,0.522,0.519,0.516,0.512,0.506,0.500,0.492,0.481,0.471,0.456,0.438,0.421,0.399,0.373,0.352,0.326,0.303,0.289","1.50,2.00,2.50,3.50,4.50,5.50,7.50,9.50,11.5,14.5,18.5,22.5,28.5,36.5,44.5,56.5,68.5,84.5,109,141,173,221,285,349,445,573,701,893,1150,1400,1790,2300,2810,3580,4600,5630,7160,9210,1.13e4","1806.7","0.447","0.157"
"15"," 1","3.20","0.762,0.778,0.778,0.773,0.780,0.780,0.777,0.778,0.778,0.777,0.772,0.777,0.771,0.771,0.773,0.774,0.774,0.770,0.770,0.770,0.767,0.768,0.766,0.766,0.765,0.764,0.762,0.761,0.758,0.758,0.754,0.756,0.755,0.751,0.751,0.749,0.746,0.743,0.741,0.740,0.738,0.736,0.733,0.730,0.726,0.723,0.720,0.719,0.716,0.712,0.707,0.703,0.698,0.696,0.693,0.690,0.687,0.680,0.675,0.669,0.665,0.661,0.657,0.653,0.650,0.643,0.638,0.632,0.627,0.621,0.616,0.612,0.609,0.601,0.595,0.588,0.581,0.574,0.569,0.564,0.561,0.552,0.541,0.532,0.525,0.518,0.513,0.506,0.501,0.490,0.479,0.473,0.466,0.459,0.453,0.445,0.439,0.426,0.415,0.410,0.411,0.417,0.420,0.425,0.438,0.441,0.454,0.447,0.436,0.428,0.427,0.426,0.432,0.447,0.433,0.416,0.388,0.394,0.413,0.425,0.414,0.402,0.391,0.372,0.389,0.363,0.360,0.373,0.358,0.355,0.349,0.342,0.316,0.318,0.305,0.308,0.296,0.288,0.278,0.288,0.290,0.308,0.324,0.320,0.326,0.347,0.338,0.327,0.309,0.290,0.284,0.292,0.275,0.229,0.193,0.202,0.237,0.281,0.313,0.393,0.00,0.00,0.00,0.00,0.00,0.00,0.00,0.00,0.00,0.00,0.00,0.00,0.00,0.00,0.00,0.00,0.00,0.00,0.00,0.00,0.00,0.00,0.00,0.00,0.00,0.00,0.00,0.00,0.00,0.00,0.00,0.00","0.500,1.00,1.50,2.00,2.50,3.00,3.50,4.00,4.50,5.50,6.50,7.50,8.50,9.50,10.5,11.5,12.5,14.5,16.5,18.5,20.5,22.5,24.5,26.5,28.5,32.5,36.5,40.5,44.5,48.5,52.5,56.5,60.5,68.5,76.5,84.5,92.5,101,109,117,125,141,157,173,189,205,221,237,253,285,317,349,381,413,445,477,509,573,637,701,765,829,893,957,1020,1150,1280,1400,1530,1660,1790,1920,2040,2300,2560,2810,3070,3320,3580,3840,4090,4600,5120,5630,6140,6650,7160,7680,8190,9210,1.02e4,1.13e4,1.23e4,1.33e4,1.43e4,1.54e4,1.64e4,1.84e4,2.05e4,2.25e4,2.46e4,2.66e4,2.87e4,3.07e4,3.28e4,3.69e4,4.10e4,4.51e4,4.91e4,5.32e4,5.73e4,6.14e4,6.55e4,7.37e4,8.19e4,9.01e4,9.83e4,1.06e5,1.15e5,1.23e5,1.31e5,1.47e5,1.64e5,1.80e5,1.97e5,2.13e5,2.29e5,2.46e5,2.62e5,2.95e5,3.28e5,3.60e5,3.93e5,4.26e5,4.59e5,4.92e5,5.24e5,5.90e5,6.55e5,7.21e5,7.86e5,8.52e5,9.18e5,9.83e5,1.05e6,1.18e6,1.31e6,1.44e6,1.57e6,1.70e6,1.84e6,1.97e6,2.10e6,2.36e6,2.62e6,2.88e6,3.15e6,3.41e6,3.67e6,3.93e6,4.19e6,4.72e6,5.24e6,5.77e6,6.29e6,6.82e6,7.34e6,7.86e6,8.39e6,9.44e6,1.05e7,1.15e7,1.26e7,1.36e7,1.47e7,1.57e7,1.68e7,1.89e7,2.10e7,2.31e7,2.52e7,2.73e7,2.94e7,3.15e7,3.36e7,3.77e7,4.19e7,4.61e7,5.03e7,5.45e7,5.87e7,6.29e7","0.614,0.610,0.616,0.614,0.615,0.614,0.614,0.609,0.611,0.608,0.608,0.607,0.604,0.601,0.599,0.597,0.592,0.590,0.584,0.579,0.574,0.566,0.559,0.550,0.541,0.529,0.519,0.506,0.493,0.481,0.465,0.449,0.433,0.411,0.389,0.363,0.336,0.299,0.269,0.231,0.162,0.100,0.142,0.203,0.216,0.165,0.216,0.125,0.115,0.0451","1.50,2.00,2.50,3.50,4.50,5.50,7.50,9.50,11.5,14.5,18.5,22.5,28.5,36.5,44.5,56.5,68.5,84.5,109,141,173,221,285,349,445,573,701,893,1150,1400,1790,2300,2810,3580,4600,5630,7160,9210,1.13e4,1.43e4,1.84e4,2.25e4,2.87e4,3.69e4,4.51e4,5.73e4,7.37e4,9.01e4,1.15e5,1.47e5","0.605,0.605,0.605,0.605,0.605,0.605,0.605,0.604,0.604,0.604,0.603,0.603,0.602,0.601,0.600,0.599,0.597,0.596,0.593,0.589,0.586,0.580,0.574,0.567,0.557,0.545,0.533,0.517,0.497,0.479,0.456,0.431,0.412,0.393,0.384,0.393","1.50,2.00,2.50,3.50,4.50,5.50,7.50,9.50,11.5,14.5,18.5,22.5,28.5,36.5,44.5,56.5,68.5,84.5,109,141,173,221,285,349,445,573,701,893,1150,1400,1790,2300,2810,3580,4600,5630","4375.7","0.779","0.400"
"16"," 1","3.30","0.653,0.666,0.665,0.662,0.663,0.664,0.662,0.658,0.662,0.664,0.662,0.662,0.660,0.659,0.659,0.659,0.658,0.657,0.656,0.655,0.655,0.651,0.652,0.649,0.649,0.648,0.647,0.645,0.643,0.641,0.640,0.638,0.637,0.635,0.631,0.629,0.626,0.624,0.622,0.620,0.617,0.613,0.610,0.606,0.603,0.600,0.597,0.595,0.592,0.586,0.581,0.576,0.572,0.568,0.565,0.561,0.557,0.550,0.544,0.539,0.534,0.529,0.525,0.521,0.517,0.510,0.503,0.497,0.492,0.488,0.483,0.478,0.475,0.468,0.460,0.454,0.448,0.443,0.437,0.433,0.429,0.423,0.415,0.409,0.405,0.402,0.398,0.394,0.391,0.384,0.377,0.374,0.372,0.366,0.361,0.354,0.349,0.334,0.320,0.315,0.312,0.309,0.311,0.307,0.311,0.309,0.318,0.321,0.313,0.308,0.308,0.300,0.299,0.297,0.294,0.287,0.280,0.274,0.279,0.287,0.283,0.281,0.279,0.268,0.274,0.264,0.253,0.246,0.248,0.241,0.241,0.228,0.222,0.213,0.193,0.181,0.160,0.135,0.128,0.106,0.0950,0.0607,0.0341,0.0181,0.00,0.00,0.00,0.00,0.00,0.00,0.00,0.00,0.00,0.00,0.00,0.00,0.00,0.00,0.00,0.00,0.00,0.00,0.00,0.00,0.00,0.00,0.00,0.00,0.00,0.00,0.00,0.00,0.00,0.00,0.00,0.00,0.00,0.00,0.00,0.00,0.00,0.00,0.00,0.00,0.00,0.00,0.00,0.00,0.00,0.00,0.00,0.00","0.500,1.00,1.50,2.00,2.50,3.00,3.50,4.00,4.50,5.50,6.50,7.50,8.50,9.50,10.5,11.5,12.5,14.5,16.5,18.5,20.5,22.5,24.5,26.5,28.5,32.5,36.5,40.5,44.5,48.5,52.5,56.5,60.5,68.5,76.5,84.5,92.5,101,109,117,125,141,157,173,189,205,221,237,253,285,317,349,381,413,445,477,509,573,637,701,765,829,893,957,1020,1150,1280,1400,1530,1660,1790,1920,2040,2300,2560,2810,3070,3320,3580,3840,4090,4600,5120,5630,6140,6650,7160,7680,8190,9210,1.02e4,1.13e4,1.23e4,1.33e4,1.43e4,1.54e4,1.64e4,1.84e4,2.05e4,2.25e4,2.46e4,2.66e4,2.87e4,3.07e4,3.28e4,3.69e4,4.10e4,4.51e4,4.91e4,5.32e4,5.73e4,6.14e4,6.55e4,7.37e4,8.19e4,9.01e4,9.83e4,1.06e5,1.15e5,1.23e5,1.31e5,1.47e5,1.64e5,1.80e5,1.97e5,2.13e5,2.29e5,2.46e5,2.62e5,2.95e5,3.28e5,3.60e5,3.93e5,4.26e5,4.59e5,4.92e5,5.24e5,5.90e5,6.55e5,7.21e5,7.86e5,8.52e5,9.18e5,9.83e5,1.05e6,1.18e6,1.31e6,1.44e6,1.57e6,1.70e6,1.84e6,1.97e6,2.10e6,2.36e6,2.62e6,2.88e6,3.15e6,3.41e6,3.67e6,3.93e6,4.19e6,4.72e6,5.24e6,5.77e6,6.29e6,6.82e6,7.34e6,7.86e6,8.39e6,9.44e6,1.05e7,1.15e7,1.26e7,1.36e7,1.47e7,1.57e7,1.68e7,1.89e7,2.10e7,2.31e7,2.52e7,2.73e7,2.94e7,3.15e7,3.36e7,3.77e7,4.19e7,4.61e7,5.03e7,5.45e7,5.87e7,6.29e7","0.622,0.620,0.621,0.620,0.620,0.622,0.620,0.617,0.617,0.616,0.614,0.611,0.609,0.608,0.604,0.600,0.597,0.592,0.586,0.579,0.573,0.565,0.555,0.546,0.535,0.522,0.511,0.496,0.481,0.468,0.452,0.436,0.419,0.399,0.380,0.362,0.346,0.325,0.310,0.287,0.238,0.191,0.181,0.176,0.206,0.173,0.136,0.0925,0.0281,0.0571","1.50,2.00,2.50,3.50,4.50,5.50,7.50,9.50,11.5,14.5,18.5,22.5,28.5,36.5,44.5,56.5,68.5,84.5,109,141,173,221,285,349,445,573,701,893,1150,1400,1790,2300,2810,3580,4600,5630,7160,9210,1.13e4,1.43e4,1.84e4,2.25e4,2.87e4,3.69e4,4.51e4,5.73e4,7.37e4,9.01e4,1.15e5,1.47e5","0.612,0.612,0.612,0.612,0.612,0.612,0.611,0.611,0.611,0.610,0.610,0.609,0.608,0.607,0.606,0.604,0.602,0.600,0.596,0.591,0.587,0.580,0.572,0.563,0.551,0.536,0.522,0.503,0.480,0.461,0.437,0.414,0.399,0.392,0.408","1.50,2.00,2.50,3.50,4.50,5.50,7.50,9.50,11.5,14.5,18.5,22.5,28.5,36.5,44.5,56.5,68.5,84.5,109,141,173,221,285,349,445,573,701,893,1150,1400,1790,2300,2810,3580,4600","7288.5","0.663","0.278"
"17"," 1","3.40","0.457,0.458,0.456,0.460,0.460,0.458,0.450,0.458,0.458,0.454,0.450,0.447,0.451,0.451,0.449,0.452,0.452,0.445,0.445,0.452,0.448,0.443,0.442,0.441,0.440,0.438,0.439,0.435,0.433,0.430,0.429,0.428,0.428,0.427,0.426,0.423,0.419,0.416,0.414,0.414,0.411,0.407,0.405,0.400,0.397,0.395,0.391,0.388,0.385,0.381,0.376,0.372,0.367,0.364,0.360,0.357,0.353,0.349,0.342,0.338,0.333,0.328,0.324,0.320,0.316,0.309,0.303,0.297,0.292,0.287,0.282,0.278,0.274,0.269,0.263,0.258,0.253,0.248,0.244,0.240,0.236,0.227,0.221,0.216,0.212,0.210,0.208,0.204,0.201,0.191,0.184,0.181,0.176,0.168,0.167,0.165,0.160,0.154,0.147,0.140,0.140,0.142,0.142,0.142,0.146,0.144,0.145,0.144,0.138,0.131,0.127,0.129,0.136,0.144,0.141,0.131,0.121,0.115,0.111,0.110,0.111,0.114,0.112,0.0992,0.102,0.0881,0.0932,0.0951,0.0840,0.0741,0.0549,0.0484,0.0361,0.0296,0.0286,0.0131,0.00871,0.00,0.00,0.00,0.00,0.00,0.00,0.00,0.00,0.0192,0.0360,0.0384,0.0322,0.0302,0.0235,0.0372,0.0647,0.114,0.138,0.136,0.0904,0.0626,0.0473,0.0466,0.00,0.00,0.00,0.00,0.00,0.00,0.00,0.00,0.00,0.00,0.00,0.00,0.00,0.00,0.00,0.00,0.00,0.00,0.00,0.00,0.00,0.00,0.00,0.00,0.00,0.00,0.00,0.00,0.00,0.00,0.00,0.00","0.500,1.00,1.50,2.00,2.50,3.00,3.50,4.00,4.50,5.50,6.50,7.50,8.50,9.50,10.5,11.5,12.5,14.5,16.5,18.5,20.5,22.5,24.5,26.5,28.5,32.5,36.5,40.5,44.5,48.5,52.5,56.5,60.5,68.5,76.5,84.5,92.5,101,109,117,125,141,157,173,189,205,221,237,253,285,317,349,381,413,445,477,509,573,637,701,765,829,893,957,1020,1150,1280,1400,1530,1660,1790,1920,2040,2300,2560,2810,3070,3320,3580,3840,4090,4600,5120,5630,6140,6650,7160,7680,8190,9210,1.02e4,1.13e4,1.23e4,1.33e4,1.43e4,1.54e4,1.64e4,1.84e4,2.05e4,2.25e4,2.46e4,2.66e4,2.87e4,3.07e4,3.28e4,3.69e4,4.10e4,4.51e4,4.91e4,5.32e4,5.73e4,6.14e4,6.55e4,7.37e4,8.19e4,9.01e4,9.83e4,1.06e5,1.15e5,1.23e5,1.31e5,1.47e5,1.64e5,1.80e5,1.97e5,2.13e5,2.29e5,2.46e5,2.62e5,2.95e5,3.28e5,3.60e5,3.93e5,4.26e5,4.59e5,4.92e5,5.24e5,5.90e5,6.55e5,7.21e5,7.86e5,8.52e5,9.18e5,9.83e5,1.05e6,1.18e6,1.31e6,1.44e6,1.57e6,1.70e6,1.84e6,1.97e6,2.10e6,2.36e6,2.62e6,2.88e6,3.15e6,3.41e6,3.67e6,3.93e6,4.19e6,4.72e6,5.24e6,5.77e6,6.29e6,6.82e6,7.34e6,7.86e6,8.39e6,9.44e6,1.05e7,1.15e7,1.26e7,1.36e7,1.47e7,1.57e7,1.68e7,1.89e7,2.10e7,2.31e7,2.52e7,2.73e7,2.94e7,3.15e7,3.36e7,3.77e7,4.19e7,4.61e7,5.03e7,5.45e7,5.87e7,6.29e7","0.589,0.592,0.592,0.584,0.591,0.587,0.581,0.585,0.586,0.579,0.586,0.578,0.575,0.575,0.569,0.565,0.564,0.560,0.552,0.546,0.539,0.531,0.521,0.512,0.501,0.489,0.478,0.463,0.447,0.433,0.416,0.400,0.386,0.367,0.344,0.327,0.314,0.286,0.268,0.240,0.211,0.176,0.181,0.186,0.187,0.132,0.187,0.149,0.0413,0.0665","1.50,2.00,2.50,3.50,4.50,5.50,7.50,9.50,11.5,14.5,18.5,22.5,28.5,36.5,44.5,56.5,68.5,84.5,109,141,173,221,285,349,445,573,701,893,1150,1400,1790,2300,2810,3580,4600,5630,7160,9210,1.13e4,1.43e4,1.84e4,2.25e4,2.87e4,3.69e4,4.51e4,5.73e4,7.37e4,9.01e4,1.15e5,1.47e5","0.579,0.579,0.579,0.578,0.578,0.578,0.578,0.577,0.577,0.577,0.576,0.576,0.575,0.574,0.572,0.571,0.569,0.567,0.563,0.559,0.555,0.548,0.540,0.532,0.520,0.506,0.492,0.473,0.450,0.430,0.405,0.379,0.360,0.344,0.341,0.361","1.50,2.00,2.50,3.50,4.50,5.50,7.50,9.50,11.5,14.5,18.5,22.5,28.5,36.5,44.5,56.5,68.5,84.5,109,141,173,221,285,349,445,573,701,893,1150,1400,1790,2300,2810,3580,4600,5630","12605.5","0.461","0.109"
"18"," 1","3.50","0.546,0.554,0.555,0.553,0.555,0.553,0.554,0.553,0.554,0.552,0.552,0.553,0.551,0.550,0.551,0.548,0.549,0.549,0.547,0.547,0.547,0.545,0.544,0.544,0.544,0.542,0.541,0.539,0.539,0.537,0.537,0.535,0.534,0.533,0.531,0.529,0.528,0.526,0.525,0.523,0.521,0.519,0.516,0.513,0.511,0.509,0.507,0.505,0.503,0.499,0.495,0.492,0.489,0.486,0.484,0.481,0.478,0.473,0.469,0.465,0.461,0.458,0.454,0.451,0.448,0.442,0.437,0.432,0.428,0.423,0.420,0.416,0.413,0.408,0.403,0.399,0.395,0.391,0.387,0.383,0.381,0.374,0.369,0.364,0.359,0.355,0.352,0.348,0.347,0.341,0.336,0.330,0.326,0.323,0.320,0.316,0.314,0.308,0.304,0.301,0.302,0.305,0.305,0.305,0.311,0.312,0.315,0.314,0.307,0.297,0.296,0.298,0.297,0.297,0.292,0.279,0.273,0.271,0.270,0.270,0.256,0.245,0.247,0.223,0.221,0.220,0.208,0.211,0.205,0.202,0.195,0.188,0.181,0.170,0.157,0.140,0.120,0.0907,0.0619,0.0394,0.0158,0.00,0.00,0.00,0.00,0.00,0.00,0.00,0.00,0.00,0.00,0.00,0.00,0.0501,0.103,0.142,0.113,0.0459,0.00,0.00,0.00,0.00,0.00,0.00,0.00,0.00,0.00,0.00,0.00,0.00,0.00,0.00,0.00,0.00,0.00,0.00,0.00,0.00,0.00,0.00,0.00,0.00,0.00,0.00,0.00,0.00,0.00,0.00,0.00,0.00,0.00,0.00","0.500,1.00,1.50,2.00,2.50,3.00,3.50,4.00,4.50,5.50,6.50,7.50,8.50,9.50,10.5,11.5,12.5,14.5,16.5,18.5,20.5,22.5,24.5,26.5,28.5,32.5,36.5,40.5,44.5,48.5,52.5,56.5,60.5,68.5,76.5,84.5,92.5,101,109,117,125,141,157,173,189,205,221,237,253,285,317,349,381,413,445,477,509,573,637,701,765,829,893,957,1020,1150,1280,1400,1530,1660,1790,1920,2040,2300,2560,2810,3070,3320,3580,3840,4090,4600,5120,5630,6140,6650,7160,7680,8190,9210,1.02e4,1.13e4,1.23e4,1.33e4,1.43e4,1.54e4,1.64e4,1.84e4,2.05e4,2.25e4,2.46e4,2.66e4,2.87e4,3.07e4,3.28e4,3.69e4,4.10e4,4.51e4,4.91e4,5.32e4,5.73e4,6.14e4,6.55e4,7.37e4,8.19e4,9.01e4,9.83e4,1.06e5,1.15e5,1.23e5,1.31e5,1.47e5,1.64e5,1.80e5,1.97e5,2.13e5,2.29e5,2.46e5,2.62e5,2.95e5,3.28e5,3.60e5,3.93e5,4.26e5,4.59e5,4.92e5,5.24e5,5.90e5,6.55e5,7.21e5,7.86e5,8.52e5,9.18e5,9.83e5,1.05e6,1.18e6,1.31e6,1.44e6,1.57e6,1.70e6,1.84e6,1.97e6,2.10e6,2.36e6,2.62e6,2.88e6,3.15e6,3.41e6,3.67e6,3.93e6,4.19e6,4.72e6,5.24e6,5.77e6,6.29e6,6.82e6,7.34e6,7.86e6,8.39e6,9.44e6,1.05e7,1.15e7,1.26e7,1.36e7,1.47e7,1.57e7,1.68e7,1.89e7,2.10e7,2.31e7,2.52e7,2.73e7,2.94e7,3.15e7,3.36e7,3.77e7,4.19e7,4.61e7,5.03e7,5.45e7,5.87e7,6.29e7","0.552,0.550,0.552,0.551,0.551,0.549,0.550,0.547,0.546,0.546,0.545,0.543,0.542,0.539,0.537,0.534,0.531,0.528,0.524,0.518,0.513,0.507,0.499,0.492,0.483,0.472,0.463,0.451,0.438,0.426,0.411,0.397,0.386,0.370,0.352,0.337,0.319,0.300,0.283,0.264,0.241,0.226,0.234,0.249,0.252,0.213,0.215,0.170,0.141","1.50,2.00,2.50,3.50,4.50,5.50,7.50,9.50,11.5,14.5,18.5,22.5,28.5,36.5,44.5,56.5,68.5,84.5,109,141,173,221,285,349,445,573,701,893,1150,1400,1790,2300,2810,3580,4600,5630,7160,9210,1.13e4,1.43e4,1.84e4,2.25e4,2.87e4,3.69e4,4.51e4,5.73e4,7.37e4,9.01e4,1.15e5","0.542,0.542,0.542,0.541,0.541,0.541,0.541,0.541,0.541,0.540,0.540,0.540,0.539,0.538,0.537,0.536,0.535,0.533,0.531,0.528,0.525,0.520,0.514,0.509,0.500,0.489,0.479,0.465,0.447,0.431,0.410,0.386,0.367,0.347,0.332,0.330,0.350","1.50,2.00,2.50,3.50,4.50,5.50,7.50,9.50,11.5,14.5,18.5,22.5,28.5,36.5,44.5,56.5,68.5,84.5,109,141,173,221,285,349,445,573,701,893,1150,1400,1790,2300,2810,3580,4600,5630,7160","11877.7","0.555","0.250"
"19"," 1","3.60","0.808,0.818,0.811,0.809,0.808,0.812,0.818,0.811,0.813,0.812,0.808,0.806,0.802,0.808,0.809,0.808,0.807,0.803,0.800,0.799,0.796,0.801,0.800,0.796,0.795,0.798,0.793,0.790,0.787,0.788,0.786,0.785,0.782,0.779,0.778,0.774,0.772,0.771,0.769,0.765,0.760,0.757,0.753,0.749,0.747,0.743,0.739,0.736,0.734,0.728,0.723,0.718,0.714,0.709,0.705,0.701,0.698,0.690,0.683,0.677,0.671,0.665,0.660,0.655,0.651,0.642,0.634,0.627,0.621,0.614,0.609,0.602,0.598,0.589,0.581,0.573,0.565,0.557,0.548,0.541,0.533,0.520,0.510,0.500,0.490,0.484,0.478,0.472,0.464,0.450,0.436,0.428,0.419,0.407,0.395,0.383,0.376,0.365,0.352,0.347,0.344,0.345,0.345,0.348,0.356,0.363,0.370,0.380,0.376,0.366,0.365,0.364,0.364,0.364,0.354,0.332,0.313,0.311,0.326,0.327,0.315,0.325,0.319,0.265,0.263,0.274,0.251,0.244,0.231,0.211,0.208,0.189,0.171,0.146,0.117,0.110,0.0917,0.0506,0.0497,0.0452,0.0418,0.0428,0.0354,0.0433,0.0548,0.0414,0.00735,0.00,0.00,0.00,0.00,0.00,0.00,0.00,0.00,0.00,0.00,0.00,0.00,0.00,0.00,0.00,0.00,0.00,0.00,0.00,0.00,0.00,0.00,0.00,0.00,0.00,0.00,0.00,0.00,0.00,0.00,0.00,0.00,0.00,0.00,0.00,0.00,0.00,0.00,0.00,0.00,0.00,0.00,0.00,0.00,0.00","0.500,1.00,1.50,2.00,2.50,3.00,3.50,4.00,4.50,5.50,6.50,7.50,8.50,9.50,10.5,11.5,12.5,14.5,16.5,18.5,20.5,22.5,24.5,26.5,28.5,32.5,36.5,40.5,44.5,48.5,52.5,56.5,60.5,68.5,76.5,84.5,92.5,101,109,117,125,141,157,173,189,205,221,237,253,285,317,349,381,413,445,477,509,573,637,701,765,829,893,957,1020,1150,1280,1400,1530,1660,1790,1920,2040,2300,2560,2810,3070,3320,3580,3840,4090,4600,5120,5630,6140,6650,7160,7680,8190,9210,1.02e4,1.13e4,1.23e4,1.33e4,1.43e4,1.54e4,1.64e4,1.84e4,2.05e4,2.25e4,2.46e4,2.66e4,2.87e4,3.07e4,3.28e4,3.69e4,4.10e4,4.51e4,4.91e4,5.32e4,5.73e4,6.14e4,6.55e4,7.37e4,8.19e4,9.01e4,9.83e4,1.06e5,1.15e5,1.23e5,1.31e5,1.47e5,1.64e5,1.80e5,1.97e5,2.13e5,2.29e5,2.46e5,2.62e5,2.95e5,3.28e5,3.60e5,3.93e5,4.26e5,4.59e5,4.92e5,5.24e5,5.90e5,6.55e5,7.21e5,7.86e5,8.52e5,9.18e5,9.83e5,1.05e6,1.18e6,1.31e6,1.44e6,1.57e6,1.70e6,1.84e6,1.97e6,2.10e6,2.36e6,2.62e6,2.88e6,3.15e6,3.41e6,3.67e6,3.93e6,4.19e6,4.72e6,5.24e6,5.77e6,6.29e6,6.82e6,7.34e6,7.86e6,8.39e6,9.44e6,1.05e7,1.15e7,1.26e7,1.36e7,1.47e7,1.57e7,1.68e7,1.89e7,2.10e7,2.31e7,2.52e7,2.73e7,2.94e7,3.15e7,3.36e7,3.77e7,4.19e7,4.61e7,5.03e7,5.45e7,5.87e7,6.29e7","0.710,0.709,0.708,0.716,0.712,0.711,0.707,0.708,0.708,0.705,0.702,0.704,0.699,0.698,0.694,0.692,0.688,0.684,0.680,0.671,0.665,0.658,0.649,0.642,0.632,0.619,0.609,0.594,0.580,0.566,0.550,0.532,0.517,0.492,0.463,0.440,0.415,0.379,0.349,0.298,0.242,0.203,0.198,0.238,0.272,0.243,0.240,0.161,0.140,0.136","1.50,2.00,2.50,3.50,4.50,5.50,7.50,9.50,11.5,14.5,18.5,22.5,28.5,36.5,44.5,56.5,68.5,84.5,109,141,173,221,285,349,445,573,701,893,1150,1400,1790,2300,2810,3580,4600,5630,7160,9210,1.13e4,1.43e4,1.84e4,2.25e4,2.87e4,3.69e4,4.51e4,5.73e4,7.37e4,9.01e4,1.15e5,1.47e5","0.700,0.700,0.700,0.700,0.699,0.699,0.699,0.699,0.699,0.698,0.698,0.697,0.697,0.696,0.695,0.693,0.692,0.690,0.688,0.684,0.681,0.675,0.669,0.662,0.652,0.640,0.628,0.611,0.591,0.572,0.546,0.517,0.493,0.466,0.444,0.436,0.448","1.50,2.00,2.50,3.50,4.50,5.50,7.50,9.50,11.5,14.5,18.5,22.5,28.5,36.5,44.5,56.5,68.5,84.5,109,141,173,221,285,349,445,573,701,893,1150,1400,1790,2300,2810,3580,4600,5630,7160","11216.3","0.811","0.306"
"20"," 1","3.70","0.459,0.473,0.473,0.470,0.470,0.474,0.467,0.468,0.468,0.469,0.469,0.469,0.468,0.470,0.467,0.467,0.467,0.466,0.465,0.464,0.465,0.462,0.462,0.461,0.460,0.460,0.457,0.457,0.456,0.455,0.453,0.454,0.452,0.450,0.449,0.447,0.445,0.444,0.442,0.441,0.439,0.437,0.433,0.431,0.429,0.427,0.425,0.423,0.421,0.417,0.414,0.411,0.407,0.405,0.402,0.400,0.397,0.392,0.388,0.383,0.379,0.376,0.373,0.370,0.367,0.361,0.356,0.350,0.346,0.342,0.338,0.334,0.331,0.325,0.320,0.316,0.312,0.308,0.305,0.301,0.297,0.289,0.282,0.277,0.272,0.270,0.267,0.264,0.261,0.253,0.248,0.244,0.239,0.235,0.232,0.230,0.227,0.214,0.204,0.200,0.201,0.202,0.203,0.204,0.207,0.196,0.195,0.192,0.182,0.173,0.172,0.174,0.172,0.180,0.178,0.161,0.142,0.143,0.154,0.155,0.149,0.150,0.147,0.131,0.123,0.121,0.121,0.121,0.110,0.0976,0.0884,0.0716,0.0615,0.0412,0.0330,0.0140,0.00597,0.00,0.00,0.00,0.00,0.00,0.00,0.00,0.00,0.00,0.00,0.00,0.00,0.00,0.00,0.00,0.00,0.00,0.00,0.00,0.00525,0.0115,0.0445,0.107,0.00,0.00,0.00,0.00,0.00,0.00,0.00,0.00,0.00,0.00,0.00,0.00,0.00,0.00,0.00,0.00,0.00,0.00,0.00,0.00,0.00,0.00,0.00,0.00,0.00,0.00,0.00,0.00,0.00,0.00,0.00,0.00","0.500,1.00,1.50,2.00,2.50,3.00,3.50,4.00,4.50,5.50,6.50,7.50,8.50,9.50,10.5,11.5,12.5,14.5,16.5,18.5,20.5,22.5,24.5,26.5,28.5,32.5,36.5,40.5,44.5,48.5,52.5,56.5,60.5,68.5,76.5,84.5,92.5,101,109,117,125,141,157,173,189,205,221,237,253,285,317,349,381,413,445,477,509,573,637,701,765,829,893,957,1020,1150,1280,1400,1530,1660,1790,1920,2040,2300,2560,2810,3070,3320,3580,3840,4090,4600,5120,5630,6140,6650,7160,7680,8190,9210,1.02e4,1.13e4,1.23e4,1.33e4,1.43e4,1.54e4,1.64e4,1.84e4,2.05e4,2.25e4,2.46e4,2.66e4,2.87e4,3.07e4,3.28e4,3.69e4,4.10e4,4.51e4,4.91e4,5.32e4,5.73e4,6.14e4,6.55e4,7.37e4,8.19e4,9.01e4,9.83e4,1.06e5,1.15e5,1.23e5,1.31e5,1.47e5,1.64e5,1.80e5,1.97e5,2.13e5,2.29e5,2.46e5,2.62e5,2.95e5,3.28e5,3.60e5,3.93e5,4.26e5,4.59e5,4.92e5,5.24e5,5.90e5,6.55e5,7.21e5,7.86e5,8.52e5,9.18e5,9.83e5,1.05e6,1.18e6,1.31e6,1.44e6,1.57e6,1.70e6,1.84e6,1.97e6,2.10e6,2.36e6,2.62e6,2.88e6,3.15e6,3.41e6,3.67e6,3.93e6,4.19e6,4.72e6,5.24e6,5.77e6,6.29e6,6.82e6,7.34e6,7.86e6,8.39e6,9.44e6,1.05e7,1.15e7,1.26e7,1.36e7,1.47e7,1.57e7,1.68e7,1.89e7,2.10e7,2.31e7,2.52e7,2.73e7,2.94e7,3.15e7,3.36e7,3.77e7,4.19e7,4.61e7,5.03e7,5.45e7,5.87e7,6.29e7","0.573,0.571,0.571,0.568,0.569,0.570,0.570,0.571,0.568,0.568,0.566,0.564,0.562,0.560,0.559,0.557,0.553,0.550,0.545,0.541,0.535,0.530,0.522,0.516,0.508,0.498,0.489,0.479,0.466,0.454,0.440,0.426,0.415,0.401,0.381,0.365,0.350,0.330,0.316,0.297,0.263,0.237,0.243,0.229,0.219,0.166,0.190,0.131,0.0995,0.0747","1.50,2.00,2.50,3.50,4.50,5.50,7.50,9.50,11.5,14.5,18.5,22.5,28.5,36.5,44.5,56.5,68.5,84.5,109,141,173,221,285,349,445,573,701,893,1150,1400,1790,2300,2810,3580,4600,5630,7160,9210,1.13e4,1.43e4,1.84e4,2.25e4,2.87e4,3.69e4,4.51e4,5.73e4,7.37e4,9.01e4,1.15e5,1.47e5","0.562,0.562,0.562,0.562,0.562,0.562,0.562,0.562,0.561,0.561,0.561,0.560,0.560,0.559,0.558,0.557,0.556,0.555,0.553,0.550,0.547,0.543,0.537,0.532,0.524,0.514,0.505,0.491,0.475,0.459,0.439,0.417,0.399,0.378,0.363,0.360,0.376","1.50,2.00,2.50,3.50,4.50,5.50,7.50,9.50,11.5,14.5,18.5,22.5,28.5,36.5,44.5,56.5,68.5,84.5,109,141,173,221,285,349,445,573,701,893,1150,1400,1790,2300,2810,3580,4600,5630,7160","18688.3","0.472","0.144"
"21"," 1","3.80","0.734,0.747,0.743,0.744,0.746,0.744,0.745,0.742,0.743,0.744,0.743,0.744,0.742,0.742,0.742,0.743,0.742,0.740,0.741,0.740,0.739,0.739,0.738,0.738,0.737,0.738,0.735,0.734,0.734,0.732,0.732,0.731,0.731,0.729,0.728,0.726,0.725,0.723,0.722,0.721,0.720,0.718,0.716,0.714,0.712,0.710,0.709,0.707,0.705,0.702,0.700,0.697,0.695,0.693,0.690,0.688,0.686,0.683,0.679,0.676,0.674,0.671,0.669,0.666,0.664,0.660,0.656,0.652,0.648,0.645,0.642,0.639,0.636,0.631,0.627,0.624,0.621,0.618,0.614,0.610,0.608,0.602,0.597,0.593,0.589,0.586,0.583,0.580,0.577,0.571,0.566,0.560,0.556,0.552,0.550,0.548,0.545,0.539,0.532,0.532,0.534,0.539,0.541,0.542,0.545,0.544,0.549,0.548,0.541,0.535,0.533,0.528,0.528,0.537,0.536,0.523,0.519,0.519,0.526,0.528,0.518,0.515,0.510,0.501,0.510,0.498,0.482,0.475,0.473,0.463,0.454,0.447,0.430,0.408,0.390,0.369,0.347,0.309,0.269,0.228,0.200,0.158,0.118,0.0958,0.0682,0.0375,0.0175,0.00137,0.0105,0.0392,0.0653,0.104,0.156,0.266,0.435,0.585,0.654,0.664,0.595,0.528,0.00,0.00,0.00,0.00,0.00,0.00,0.00,0.00,0.00,0.00,0.00,0.00,0.00,0.00,0.00,0.00,0.00,0.00,0.00,0.00,0.00,0.00,0.00,0.00,0.00,0.00,0.00,0.00,0.00,0.00,0.00,0.00","0.500,1.00,1.50,2.00,2.50,3.00,3.50,4.00,4.50,5.50,6.50,7.50,8.50,9.50,10.5,11.5,12.5,14.5,16.5,18.5,20.5,22.5,24.5,26.5,28.5,32.5,36.5,40.5,44.5,48.5,52.5,56.5,60.5,68.5,76.5,84.5,92.5,101,109,117,125,141,157,173,189,205,221,237,253,285,317,349,381,413,445,477,509,573,637,701,765,829,893,957,1020,1150,1280,1400,1530,1660,1790,1920,2040,2300,2560,2810,3070,3320,3580,3840,4090,4600,5120,5630,6140,6650,7160,7680,8190,9210,1.02e4,1.13e4,1.23e4,1.33e4,1.43e4,1.54e4,1.64e4,1.84e4,2.05e4,2.25e4,2.46e4,2.66e4,2.87e4,3.07e4,3.28e4,3.69e4,4.10e4,4.51e4,4.91e4,5.32e4,5.73e4,6.14e4,6.55e4,7.37e4,8.19e4,9.01e4,9.83e4,1.06e5,1.15e5,1.23e5,1.31e5,1.47e5,1.64e5,1.80e5,1.97e5,2.13e5,2.29e5,2.46e5,2.62e5,2.95e5,3.28e5,3.60e5,3.93e5,4.26e5,4.59e5,4.92e5,5.24e5,5.90e5,6.55e5,7.21e5,7.86e5,8.52e5,9.18e5,9.83e5,1.05e6,1.18e6,1.31e6,1.44e6,1.57e6,1.70e6,1.84e6,1.97e6,2.10e6,2.36e6,2.62e6,2.88e6,3.15e6,3.41e6,3.67e6,3.93e6,4.19e6,4.72e6,5.24e6,5.77e6,6.29e6,6.82e6,7.34e6,7.86e6,8.39e6,9.44e6,1.05e7,1.15e7,1.26e7,1.36e7,1.47e7,1.57e7,1.68e7,1.89e7,2.10e7,2.31e7,2.52e7,2.73e7,2.94e7,3.15e7,3.36e7,3.77e7,4.19e7,4.61e7,5.03e7,5.45e7,5.87e7,6.29e7","0.476,0.478,0.479,0.479,0.476,0.478,0.478,0.475,0.477,0.474,0.474,0.472,0.471,0.468,0.467,0.464,0.461,0.459,0.454,0.449,0.445,0.439,0.432,0.426,0.417,0.408,0.400,0.391,0.379,0.369,0.356,0.340,0.329,0.313,0.293,0.277,0.259,0.235,0.210,0.185,0.152,0.126,0.157,0.167,0.179,0.132,0.146,0.0867,0.102","1.50,2.00,2.50,3.50,4.50,5.50,7.50,9.50,11.5,14.5,18.5,22.5,28.5,36.5,44.5,56.5,68.5,84.5,109,141,173,221,285,349,445,573,701,893,1150,1400,1790,2300,2810,3580,4600,5630,7160,9210,1.13e4,1.43e4,1.84e4,2.25e4,2.87e4,3.69e4,4.51e4,5.73e4,7.37e4,9.01e4,1.15e5","0.471,0.470,0.470,0.470,0.470,0.470,0.470,0.470,0.470,0.469,0.469,0.469,0.468,0.467,0.467,0.466,0.464,0.463,0.461,0.458,0.455,0.451,0.446,0.441,0.433,0.423,0.414,0.401,0.385,0.371,0.351,0.330,0.313,0.293,0.278,0.274,0.286","1.50,2.00,2.50,3.50,4.50,5.50,7.50,9.50,11.5,14.5,18.5,22.5,28.5,36.5,44.5,56.5,68.5,84.5,109,141,173,221,285,349,445,573,701,893,1150,1400,1790,2300,2810,3580,4600,5630,7160","11503.6","0.744","0.516"
"22"," 1","3.90","0.304,0.312,0.313,0.311,0.313,0.312,0.312,0.313,0.312,0.311,0.310,0.310,0.312,0.309,0.310,0.309,0.309,0.309,0.309,0.308,0.307,0.306,0.307,0.305,0.306,0.305,0.304,0.303,0.302,0.301,0.300,0.300,0.299,0.298,0.297,0.296,0.295,0.294,0.292,0.291,0.290,0.289,0.287,0.285,0.284,0.282,0.281,0.279,0.278,0.276,0.273,0.271,0.269,0.267,0.265,0.263,0.261,0.258,0.254,0.251,0.249,0.246,0.244,0.241,0.239,0.235,0.232,0.229,0.225,0.223,0.220,0.218,0.215,0.211,0.208,0.205,0.203,0.201,0.198,0.196,0.194,0.188,0.183,0.179,0.176,0.174,0.172,0.170,0.167,0.160,0.155,0.152,0.149,0.145,0.142,0.140,0.138,0.132,0.128,0.125,0.126,0.127,0.128,0.130,0.134,0.135,0.135,0.131,0.126,0.117,0.116,0.114,0.116,0.126,0.125,0.114,0.104,0.106,0.115,0.117,0.109,0.101,0.0992,0.0818,0.0835,0.0790,0.0760,0.0768,0.0696,0.0591,0.0486,0.0450,0.0388,0.0317,0.0211,0.0115,0.00444,0.00,0.00,0.00,0.00,0.00,0.00,0.00,0.00,0.00,0.00,0.00,0.00,0.00,0.00,0.00,0.00,0.00,2.20e-4,0.00,0.00,0.00,0.00,0.0150,0.00,0.00,0.00,0.00,0.00,0.00,0.00,0.00,0.00,0.00,0.00,0.00,0.00,0.00,0.00,0.00,0.00,0.00,0.00,0.00,0.00,0.00,0.00,0.00,0.00,0.00,0.00,0.00,0.00,0.00,0.00,0.00","0.500,1.00,1.50,2.00,2.50,3.00,3.50,4.00,4.50,5.50,6.50,7.50,8.50,9.50,10.5,11.5,12.5,14.5,16.5,18.5,20.5,22.5,24.5,26.5,28.5,32.5,36.5,40.5,44.5,48.5,52.5,56.5,60.5,68.5,76.5,84.5,92.5,101,109,117,125,141,157,173,189,205,221,237,253,285,317,349,381,413,445,477,509,573,637,701,765,829,893,957,1020,1150,1280,1400,1530,1660,1790,1920,2040,2300,2560,2810,3070,3320,3580,3840,4090,4600,5120,5630,6140,6650,7160,7680,8190,9210,1.02e4,1.13e4,1.23e4,1.33e4,1.43e4,1.54e4,1.64e4,1.84e4,2.05e4,2.25e4,2.46e4,2.66e4,2.87e4,3.07e4,3.28e4,3.69e4,4.10e4,4.51e4,4.91e4,5.32e4,5.73e4,6.14e4,6.55e4,7.37e4,8.19e4,9.01e4,9.83e4,1.06e5,1.15e5,1.23e5,1.31e5,1.47e5,1.64e5,1.80e5,1.97e5,2.13e5,2.29e5,2.46e5,2.62e5,2.95e5,3.28e5,3.60e5,3.93e5,4.26e5,4.59e5,4.92e5,5.24e5,5.90e5,6.55e5,7.21e5,7.86e5,8.52e5,9.18e5,9.83e5,1.05e6,1.18e6,1.31e6,1.44e6,1.57e6,1.70e6,1.84e6,1.97e6,2.10e6,2.36e6,2.62e6,2.88e6,3.15e6,3.41e6,3.67e6,3.93e6,4.19e6,4.72e6,5.24e6,5.77e6,6.29e6,6.82e6,7.34e6,7.86e6,8.39e6,9.44e6,1.05e7,1.15e7,1.26e7,1.36e7,1.47e7,1.57e7,1.68e7,1.89e7,2.10e7,2.31e7,2.52e7,2.73e7,2.94e7,3.15e7,3.36e7,3.77e7,4.19e7,4.61e7,5.03e7,5.45e7,5.87e7,6.29e7","0.460,0.458,0.460,0.459,0.458,0.458,0.456,0.456,0.456,0.456,0.454,0.453,0.452,0.450,0.448,0.445,0.444,0.441,0.437,0.433,0.429,0.424,0.417,0.412,0.404,0.395,0.387,0.377,0.366,0.357,0.345,0.332,0.322,0.311,0.295,0.278,0.266,0.242,0.225,0.201,0.175,0.155,0.164,0.182,0.172,0.119,0.157,0.113,0.115","1.50,2.00,2.50,3.50,4.50,5.50,7.50,9.50,11.5,14.5,18.5,22.5,28.5,36.5,44.5,56.5,68.5,84.5,109,141,173,221,285,349,445,573,701,893,1150,1400,1790,2300,2810,3580,4600,5630,7160,9210,1.13e4,1.43e4,1.84e4,2.25e4,2.87e4,3.69e4,4.51e4,5.73e4,7.37e4,9.01e4,1.15e5","0.452,0.452,0.452,0.452,0.451,0.451,0.451,0.451,0.451,0.451,0.450,0.450,0.449,0.449,0.448,0.447,0.446,0.445,0.443,0.440,0.438,0.434,0.429,0.425,0.418,0.409,0.401,0.389,0.374,0.361,0.343,0.324,0.308,0.291,0.278,0.275,0.290","1.50,2.00,2.50,3.50,4.50,5.50,7.50,9.50,11.5,14.5,18.5,22.5,28.5,36.5,44.5,56.5,68.5,84.5,109,141,173,221,285,349,445,573,701,893,1150,1400,1790,2300,2810,3580,4600,5630,7160","13157.2","0.314","0.101"
