"1","col1_rbm 1","3.00","0.346,0.353,0.353,0.353,0.353,0.353,0.353,0.353,0.353,0.352,0.352,0.352,0.352,0.352,0.352,0.352,0.352,0.352,0.351,0.351,0.351,0.351,0.351,0.351,0.351,0.350,0.350,0.350,0.350,0.350,0.350,0.349,0.349,0.349,0.349,0.349,0.348,0.348,0.348,0.348,0.348,0.347,0.347,0.347,0.346,0.346,0.346,0.346,0.346,0.345,0.345,0.344,0.344,0.344,0.344,0.344,0.343,0.343,0.343,0.343,0.343,0.343,0.343,0.343,0.343,0.343,0.342,0.342,0.342,0.342,0.342,0.342,0.342,0.341,0.341,0.341,0.342,0.341,0.341,0.341,0.341,0.341,0.341,0.341,0.341,0.341,0.341,0.341,0.341,0.340,0.340,0.340,0.340,0.340,0.340,0.340,0.340,0.340,0.340,0.340,0.340,0.340,0.340,0.340,0.340,0.339,0.339,0.339,0.339,0.339,0.339,0.339,0.339,0.339,0.339,0.339,0.339,0.339,0.339,0.339,0.339,0.339,0.338,0.338,0.338,0.338,0.338,0.338,0.338,0.338,0.338,0.338,0.338,0.338,0.337,0.337,0.337,0.337,0.337,0.337,0.337,0.337,0.336,0.336,0.336,0.336,0.336,0.335,0.335,0.335,0.335,0.335,0.334,0.334,0.334,0.333,0.333,0.332,0.332,0.331,0.331,0.329,0.328,0.327,0.326,0.325,0.323,0.322,0.320,0.317,0.313,0.310,0.306,0.302,0.297,0.293,0.288,0.279,0.269,0.259,0.249,0.239,0.229,0.220,0.210,0.192,0.175,0.160,0.146,0.133,0.120,0.109","0.500,1.00,1.50,2.00,2.50,3.00,3.50,4.00,4.50,5.50,6.50,7.50,8.50,9.50,10.5,11.5,12.5,14.5,16.5,18.5,20.5,22.5,24.5,26.5,28.5,32.5,36.5,40.5,44.5,48.5,52.5,56.5,60.5,68.5,76.5,84.5,92.5,101,109,117,125,141,157,173,189,205,221,237,253,285,317,349,381,413,445,477,509,573,637,701,765,829,893,957,1020,1150,1280,1400,1530,1660,1790,1920,2040,2300,2560,2810,3070,3320,3580,3840,4090,4600,5120,5630,6140,6650,7160,7680,8190,9210,1.02e4,1.13e4,1.23e4,1.33e4,1.43e4,1.54e4,1.64e4,1.84e4,2.05e4,2.25e4,2.46e4,2.66e4,2.87e4,3.07e4,3.28e4,3.69e4,4.10e4,4.51e4,4.91e4,5.32e4,5.73e4,6.14e4,6.55e4,7.37e4,8.19e4,9.01e4,9.83e4,1.06e5,1.15e5,1.23e5,1.31e5,1.47e5,1.64e5,1.80e5,1.97e5,2.13e5,2.29e5,2.46e5,2.62e5,2.95e5,3.28e5,3.60e5,3.93e5,4.26e5,4.59e5,4.92e5,5.24e5,5.90e5,6.55e5,7.21e5,7.86e5,8.52e5,9.18e5,9.83e5,1.05e6,1.18e6,1.31e6,1.44e6,1.57e6,1.70e6,1.84e6,1.97e6,2.10e6,2.36e6,2.62e6,2.88e6,3.15e6,3.41e6,3.67e6,3.93e6,4.19e6,4.72e6,5.24e6,5.77e6,6.29e6,6.82e6,7.34e6,7.86e6,8.39e6,9.44e6,1.05e7,1.15e7,1.26e7,1.36e7,1.47e7,1.57e7,1.68e7,1.89e7,2.10e7,2.31e7,2.52e7,2.73e7,2.94e7,3.15e7,3.36e7,3.77e7,4.19e7,4.61e7,5.03e7,5.45e7,5.87e7,6.29e7","0.120,0.121,0.120,0.120,0.118,0.117,0.116,0.116,0.117,0.114,0.112,0.111,0.109,0.107,0.107,0.104,0.102,0.0995,0.0965,0.0927,0.0893,0.0856,0.0803,0.0760,0.0710,0.0677,0.0666,0.0677,0.0635,0.0561,0.0582,0.0527,0.0533,0.0478,0.0469,0.0452,0.0451,0.0421,0.0408,0.0390,0.0362,0.0341,0.0317,0.0291,0.0269,0.0232,0.0201,0.0175,0.0145","1.50,2.00,2.50,3.50,4.50,5.50,7.50,9.50,11.5,14.5,18.5,22.5,28.5,36.5,44.5,56.5,68.5,84.5,109,141,173,221,285,349,445,573,701,893,1150,1400,1790,2300,2810,3580,4600,5630,7160,9210,1.13e4,1.43e4,1.84e4,2.25e4,2.87e4,3.69e4,4.51e4,5.73e4,7.37e4,9.01e4,1.15e5","0.117,0.117,0.117,0.117,0.117,0.117,0.116,0.116,0.115,0.115,0.114,0.113,0.112,0.111,0.109,0.107,0.105,0.103,0.0991,0.0947,0.0907,0.0854,0.0794,0.0745,0.0688,0.0639,0.0616,0.0623,0.0719","1.50,2.00,2.50,3.50,4.50,5.50,7.50,9.50,11.5,14.5,18.5,22.5,28.5,36.5,44.5,56.5,68.5,84.5,109,141,173,221,285,349,445,573,701,893,1150","39995.2","0.353","0.339"
"2"," 1","4.00","0.0143,0.0206,0.0205,0.0203,0.0209,0.0202,0.0195,0.0203,0.0206,0.0216,0.0201,0.0203,0.0194,0.0188,0.0191,0.0200,0.0187,0.0189,0.0185,0.0177,0.0178,0.0175,0.0176,0.0174,0.0178,0.0176,0.0171,0.0173,0.0166,0.0165,0.0163,0.0161,0.0157,0.0157,0.0151,0.0150,0.0150,0.0144,0.0142,0.0137,0.0137,0.0136,0.0137,0.0128,0.0129,0.0126,0.0121,0.0119,0.0117,0.0114,0.0109,0.0107,0.0105,0.0103,0.0101,0.00980,0.00965,0.00933,0.00897,0.00891,0.00878,0.00872,0.00847,0.00843,0.00826,0.00795,0.00765,0.00738,0.00718,0.00714,0.00709,0.00690,0.00692,0.00652,0.00632,0.00636,0.00623,0.00592,0.00583,0.00585,0.00592,0.00544,0.00537,0.00529,0.00521,0.00498,0.00487,0.00471,0.00497,0.00479,0.00481,0.00472,0.00456,0.00436,0.00412,0.00411,0.00468,0.00454,0.00403,0.00381,0.00353,0.00318,0.00293,0.00267,0.00444,0.00429,0.00432,0.00446,0.00447,0.00449,0.00464,0.00458,0.00449,0.00448,0.00457,0.00437,0.00417,0.00427,0.00415,0.00424,0.00416,0.00412,0.00427,0.00447,0.00438,0.00454,0.00487,0.00479,0.00476,0.00481,0.00491,0.00495,0.00528,0.00580,0.00600,0.00630,0.00632,0.00572,0.00546,0.00512,0.00436,0.00400,0.00321,0.00236,0.00157,3.65e-4,9.81e-4,7.06e-4,9.45e-4,0.00147,0.00250,0.00276,0.00428,0.00687,0.00786,0.00865,0.00665,0.00178,0.00,0.00,0.00,0.00,0.00,0.00,0.00,0.00,0.00,0.00,0.00,0.00,0.00,0.00,0.00,0.00,0.00,0.00,0.00,0.00,0.00,0.00,0.00,0.00,0.00,0.00,0.00,0.00,0.00,0.00,0.00,0.00,0.00,0.00","0.500,1.00,1.50,2.00,2.50,3.00,3.50,4.00,4.50,5.50,6.50,7.50,8.50,9.50,10.5,11.5,12.5,14.5,16.5,18.5,20.5,22.5,24.5,26.5,28.5,32.5,36.5,40.5,44.5,48.5,52.5,56.5,60.5,68.5,76.5,84.5,92.5,101,109,117,125,141,157,173,189,205,221,237,253,285,317,349,381,413,445,477,509,573,637,701,765,829,893,957,1020,1150,1280,1400,1530,1660,1790,1920,2040,2300,2560,2810,3070,3320,3580,3840,4090,4600,5120,5630,6140,6650,7160,7680,8190,9210,1.02e4,1.13e4,1.23e4,1.33e4,1.43e4,1.54e4,1.64e4,1.84e4,2.05e4,2.25e4,2.46e4,2.66e4,2.87e4,3.07e4,3.28e4,3.69e4,4.10e4,4.51e4,4.91e4,5.32e4,5.73e4,6.14e4,6.55e4,7.37e4,8.19e4,9.01e4,9.83e4,1.06e5,1.15e5,1.23e5,1.31e5,1.47e5,1.64e5,1.80e5,1.97e5,2.13e5,2.29e5,2.46e5,2.62e5,2.95e5,3.28e5,3.60e5,3.93e5,4.26e5,4.59e5,4.92e5,5.24e5,5.90e5,6.55e5,7.21e5,7.86e5,8.52e5,9.18e5,9.83e5,1.05e6,1.18e6,1.31e6,1.44e6,1.57e6,1.70e6,1.84e6,1.97e6,2.10e6,2.36e6,2.62e6,2.88e6,3.15e6,3.41e6,3.67e6,3.93e6,4.19e6,4.72e6,5.24e6,5.77e6,6.29e6,6.82e6,7.34e6,7.86e6,8.39e6,9.44e6,1.05e7,1.15e7,1.26e7,1.36e7,1.47e7,1.57e7,1.68e7,1.89e7,2.10e7,2.31e7,2.52e7,2.73e7,2.94e7,3.15e7,3.36e7,3.77e7,4.19e7,4.61e7,5.03e7,5.45e7,5.87e7,6.29e7","0.127,0.127,0.129,0.123,0.128,0.132,0.127,0.121,0.126,0.121,0.116,0.115,0.117,0.113,0.111,0.109,0.107,0.104,0.0999,0.0968,0.0924,0.0887,0.0843,0.0801,0.0764,0.0713,0.0682,0.0649,0.0608,0.0559,0.0533,0.0476,0.0459,0.0397,0.0345,0.0321,0.0248,0.0232,0.0215","1.50,2.00,2.50,3.50,4.50,5.50,7.50,9.50,11.5,14.5,18.5,22.5,28.5,36.5,44.5,56.5,68.5,84.5,109,141,173,221,285,349,445,573,701,893,1150,1400,1790,2300,2810,3580,4600,5630,7160,9210,1.13e4","0.126,0.126,0.125,0.125,0.125,0.125,0.124,0.124,0.123,0.122,0.121,0.120,0.119,0.117,0.115,0.112,0.110,0.106,0.102,0.0967,0.0921,0.0862,0.0801,0.0757,0.0717,0.0708,0.0747","1.50,2.00,2.50,3.50,4.50,5.50,7.50,9.50,11.5,14.5,18.5,22.5,28.5,36.5,44.5,56.5,68.5,84.5,109,141,173,221,285,349,445,573,701","11141.4","0.020","0.00426"
"3"," 1","2.00","0.0186,0.0221,0.0227,0.0219,0.0242,0.0228,0.0229,0.0244,0.0222,0.0212,0.0222,0.0224,0.0223,0.0203,0.0213,0.0211,0.0225,0.0202,0.0226,0.0198,0.0204,0.0192,0.0204,0.0199,0.0198,0.0198,0.0180,0.0199,0.0177,0.0188,0.0177,0.0174,0.0178,0.0174,0.0161,0.0166,0.0162,0.0162,0.0156,0.0149,0.0147,0.0139,0.0138,0.0133,0.0130,0.0126,0.0122,0.0122,0.0117,0.0111,0.0107,0.0100,0.00937,0.00912,0.00888,0.00849,0.00829,0.00800,0.00806,0.00800,0.00794,0.00829,0.00813,0.00820,0.00811,0.00736,0.00659,0.00567,0.00563,0.00587,0.00615,0.00666,0.00648,0.00538,0.00507,0.00579,0.00590,0.00478,0.00465,0.00538,0.00538,0.00472,0.00480,0.00428,0.00441,0.00402,0.00422,0.00403,0.00422,0.00389,0.00383,0.00373,0.00372,0.00350,0.00326,0.00320,0.00371,0.00329,0.00302,0.00264,0.00242,0.00220,0.00174,0.00144,0.00324,0.00307,0.00304,0.00314,0.00303,0.00267,0.00271,0.00264,0.00252,0.00243,0.00248,0.00241,0.00208,0.00185,0.00181,0.00168,0.00157,0.00159,0.00134,0.00124,0.00110,0.00112,9.50e-4,8.00e-4,3.33e-4,0.00,0.00,0.00,0.00,0.00,0.00,0.00,0.00,0.00,0.00,0.00,0.00,0.00,0.00,0.00,0.00,0.00,0.00,0.00,0.00,0.00,0.00,0.00,0.00,0.00,0.00,0.00,0.00,0.00,0.00,0.00,0.00,0.00,0.00,0.00,0.00,0.00,0.00,0.00,0.00,0.00,0.00,0.00,0.00,0.00,0.00,0.00,0.00,0.00,0.00,0.00,0.00,0.00,0.00,0.00,0.00,0.00,0.00,0.00,0.00,0.00,0.00,0.00","0.500,1.00,1.50,2.00,2.50,3.00,3.50,4.00,4.50,5.50,6.50,7.50,8.50,9.50,10.5,11.5,12.5,14.5,16.5,18.5,20.5,22.5,24.5,26.5,28.5,32.5,36.5,40.5,44.5,48.5,52.5,56.5,60.5,68.5,76.5,84.5,92.5,101,109,117,125,141,157,173,189,205,221,237,253,285,317,349,381,413,445,477,509,573,637,701,765,829,893,957,1020,1150,1280,1400,1530,1660,1790,1920,2040,2300,2560,2810,3070,3320,3580,3840,4090,4600,5120,5630,6140,6650,7160,7680,8190,9210,1.02e4,1.13e4,1.23e4,1.33e4,1.43e4,1.54e4,1.64e4,1.84e4,2.05e4,2.25e4,2.46e4,2.66e4,2.87e4,3.07e4,3.28e4,3.69e4,4.10e4,4.51e4,4.91e4,5.32e4,5.73e4,6.14e4,6.55e4,7.37e4,8.19e4,9.01e4,9.83e4,1.06e5,1.15e5,1.23e5,1.31e5,1.47e5,1.64e5,1.80e5,1.97e5,2.13e5,2.29e5,2.46e5,2.62e5,2.95e5,3.28e5,3.60e5,3.93e5,4.26e5,4.59e5,4.92e5,5.24e5,5.90e5,6.55e5,7.21e5,7.86e5,8.52e5,9.18e5,9.83e5,1.05e6,1.18e6,1.31e6,1.44e6,1.57e6,1.70e6,1.84e6,1.97e6,2.10e6,2.36e6,2.62e6,2.88e6,3.15e6,3.41e6,3.67e6,3.93e6,4.19e6,4.72e6,5.24e6,5.77e6,6.29e6,6.82e6,7.34e6,7.86e6,8.39e6,9.44e6,1.05e7,1.15e7,1.26e7,1.36e7,1.47e7,1.57e7,1.68e7,1.89e7,2.10e7,2.31e7,2.52e7,2.73e7,2.94e7,3.15e7,3.36e7,3.77e7,4.19e7,4.61e7,5.03e7,5.45e7,5.87e7,6.29e7","0.145,0.143,0.151,0.146,0.144,0.140,0.145,0.137,0.140,0.137,0.135,0.133,0.135,0.128,0.127,0.126,0.126,0.123,0.119,0.111,0.108,0.104,0.0979,0.0923,0.0858,0.0805,0.0805,0.0813,0.0764,0.0644,0.0681,0.0621,0.0653,0.0560,0.0566,0.0525,0.0520,0.0487,0.0470,0.0417,0.0420,0.0335,0.0149,0.0394,0.0402,0.0345,0.0302,0.0298,0.0170","1.50,2.00,2.50,3.50,4.50,5.50,7.50,9.50,11.5,14.5,18.5,22.5,28.5,36.5,44.5,56.5,68.5,84.5,109,141,173,221,285,349,445,573,701,893,1150,1400,1790,2300,2810,3580,4600,5630,7160,9210,1.13e4,1.43e4,1.84e4,2.25e4,2.87e4,3.69e4,4.51e4,5.73e4,7.37e4,9.01e4,1.15e5","0.139,0.139,0.139,0.138,0.138,0.138,0.138,0.138,0.137,0.137,0.137,0.136,0.136,0.135,0.134,0.133,0.131,0.130,0.127,0.124,0.121,0.117,0.111,0.106,0.0992,0.0911,0.0841,0.0753,0.0661,0.0593,0.0524,0.0477,0.0472,0.0542,0.0870","1.50,2.00,2.50,3.50,4.50,5.50,7.50,9.50,11.5,14.5,18.5,22.5,28.5,36.5,44.5,56.5,68.5,84.5,109,141,173,221,285,349,445,573,701,893,1150,1400,1790,2300,2810,3580,4600","232018.5","0.023","0.00152"
"4"," 1","2.10","0.102,0.107,0.103,0.102,0.107,0.103,0.100,0.102,0.103,0.0999,0.102,0.101,0.0992,0.101,0.0976,0.100,0.0994,0.0981,0.0961,0.0965,0.0941,0.0948,0.0929,0.0941,0.0919,0.0907,0.0880,0.0894,0.0886,0.0863,0.0878,0.0850,0.0839,0.0837,0.0810,0.0812,0.0791,0.0781,0.0773,0.0775,0.0760,0.0724,0.0711,0.0692,0.0673,0.0664,0.0640,0.0637,0.0622,0.0594,0.0564,0.0551,0.0538,0.0518,0.0506,0.0492,0.0486,0.0479,0.0475,0.0485,0.0498,0.0504,0.0518,0.0521,0.0521,0.0489,0.0448,0.0414,0.0403,0.0417,0.0450,0.0475,0.0469,0.0407,0.0383,0.0432,0.0446,0.0390,0.0371,0.0416,0.0410,0.0376,0.0400,0.0369,0.0381,0.0368,0.0381,0.0374,0.0380,0.0373,0.0375,0.0370,0.0361,0.0361,0.0350,0.0346,0.0360,0.0354,0.0351,0.0349,0.0340,0.0334,0.0325,0.0327,0.0353,0.0353,0.0351,0.0354,0.0351,0.0347,0.0353,0.0351,0.0349,0.0353,0.0361,0.0361,0.0363,0.0366,0.0365,0.0362,0.0361,0.0357,0.0358,0.0365,0.0364,0.0365,0.0369,0.0373,0.0379,0.0392,0.0397,0.0411,0.0419,0.0426,0.0440,0.0449,0.0453,0.0466,0.0486,0.0509,0.0539,0.0562,0.0591,0.0611,0.0643,0.0705,0.0756,0.0817,0.0870,0.0910,0.0950,0.0969,0.0988,0.105,0.107,0.115,0.120,0.128,0.135,0.136,0.00,0.00,0.00,0.00,0.00,0.00,0.00,0.00,0.00,0.00,0.00,0.00,0.00,0.00,0.00,0.00,0.00,0.00,0.00,0.00,0.00,0.00,0.00,0.00,0.00,0.00,0.00,0.00,0.00,0.00,0.00,0.00","0.500,1.00,1.50,2.00,2.50,3.00,3.50,4.00,4.50,5.50,6.50,7.50,8.50,9.50,10.5,11.5,12.5,14.5,16.5,18.5,20.5,22.5,24.5,26.5,28.5,32.5,36.5,40.5,44.5,48.5,52.5,56.5,60.5,68.5,76.5,84.5,92.5,101,109,117,125,141,157,173,189,205,221,237,253,285,317,349,381,413,445,477,509,573,637,701,765,829,893,957,1020,1150,1280,1400,1530,1660,1790,1920,2040,2300,2560,2810,3070,3320,3580,3840,4090,4600,5120,5630,6140,6650,7160,7680,8190,9210,1.02e4,1.13e4,1.23e4,1.33e4,1.43e4,1.54e4,1.64e4,1.84e4,2.05e4,2.25e4,2.46e4,2.66e4,2.87e4,3.07e4,3.28e4,3.69e4,4.10e4,4.51e4,4.91e4,5.32e4,5.73e4,6.14e4,6.55e4,7.37e4,8.19e4,9.01e4,9.83e4,1.06e5,1.15e5,1.23e5,1.31e5,1.47e5,1.64e5,1.80e5,1.97e5,2.13e5,2.29e5,2.46e5,2.62e5,2.95e5,3.28e5,3.60e5,3.93e5,4.26e5,4.59e5,4.92e5,5.24e5,5.90e5,6.55e5,7.21e5,7.86e5,8.52e5,9.18e5,9.83e5,1.05e6,1.18e6,1.31e6,1.44e6,1.57e6,1.70e6,1.84e6,1.97e6,2.10e6,2.36e6,2.62e6,2.88e6,3.15e6,3.41e6,3.67e6,3.93e6,4.19e6,4.72e6,5.24e6,5.77e6,6.29e6,6.82e6,7.34e6,7.86e6,8.39e6,9.44e6,1.05e7,1.15e7,1.26e7,1.36e7,1.47e7,1.57e7,1.68e7,1.89e7,2.10e7,2.31e7,2.52e7,2.73e7,2.94e7,3.15e7,3.36e7,3.77e7,4.19e7,4.61e7,5.03e7,5.45e7,5.87e7,6.29e7","0.259,0.256,0.266,0.253,0.258,0.252,0.254,0.255,0.252,0.249,0.246,0.242,0.236,0.228,0.229,0.221,0.218,0.212,0.203,0.190,0.182,0.167,0.152,0.137,0.120,0.108,0.111,0.125,0.113,0.0723,0.0936,0.0673,0.0836,0.0291,0.0374,0.0268,0.0429,0.0330,0.0284","1.50,2.00,2.50,3.50,4.50,5.50,7.50,9.50,11.5,14.5,18.5,22.5,28.5,36.5,44.5,56.5,68.5,84.5,109,141,173,221,285,349,445,573,701,893,1150,1400,1790,2300,2810,3580,4600,5630,7160,9210,1.13e4","0.258,0.257,0.257,0.256,0.256,0.255,0.254,0.252,0.251,0.249,0.247,0.244,0.241,0.236,0.232,0.225,0.219,0.211,0.201,0.188,0.177,0.163,0.149,0.138,0.128","1.50,2.00,2.50,3.50,4.50,5.50,7.50,9.50,11.5,14.5,18.5,22.5,28.5,36.5,44.5,56.5,68.5,84.5,109,141,173,221,285,349,445","49870.8","0.105","0.0362"
"5"," 1","2.20","0.0579,0.0670,0.0658,0.0646,0.0651,0.0660,0.0648,0.0646,0.0644,0.0644,0.0637,0.0633,0.0634,0.0619,0.0616,0.0620,0.0620,0.0607,0.0608,0.0603,0.0594,0.0585,0.0579,0.0589,0.0581,0.0572,0.0566,0.0562,0.0557,0.0548,0.0540,0.0539,0.0539,0.0531,0.0523,0.0522,0.0515,0.0506,0.0500,0.0495,0.0490,0.0483,0.0474,0.0467,0.0461,0.0456,0.0449,0.0445,0.0440,0.0433,0.0423,0.0416,0.0412,0.0406,0.0402,0.0398,0.0393,0.0385,0.0380,0.0375,0.0373,0.0370,0.0366,0.0364,0.0362,0.0356,0.0350,0.0344,0.0339,0.0339,0.0340,0.0339,0.0338,0.0329,0.0325,0.0327,0.0325,0.0318,0.0313,0.0315,0.0315,0.0310,0.0308,0.0304,0.0304,0.0302,0.0300,0.0300,0.0305,0.0300,0.0299,0.0295,0.0290,0.0286,0.0283,0.0279,0.0290,0.0288,0.0282,0.0278,0.0272,0.0266,0.0262,0.0259,0.0285,0.0282,0.0281,0.0279,0.0280,0.0280,0.0275,0.0276,0.0275,0.0277,0.0277,0.0275,0.0277,0.0270,0.0275,0.0275,0.0277,0.0281,0.0282,0.0281,0.0282,0.0282,0.0281,0.0285,0.0285,0.0285,0.0288,0.0292,0.0296,0.0302,0.0304,0.0306,0.0304,0.0312,0.0331,0.0339,0.0347,0.0342,0.0336,0.0332,0.0346,0.0372,0.0376,0.0396,0.0412,0.0428,0.0476,0.0522,0.0549,0.0644,0.0742,0.0842,0.0983,0.111,0.119,0.129,0.00,0.00,0.00,0.00,0.00,0.00,0.00,0.00,0.00,0.00,0.00,0.00,0.00,0.00,0.00,0.00,0.00,0.00,0.00,0.00,0.00,0.00,0.00,0.00,0.00,0.00,0.00,0.00,0.00,0.00,0.00,0.00","0.500,1.00,1.50,2.00,2.50,3.00,3.50,4.00,4.50,5.50,6.50,7.50,8.50,9.50,10.5,11.5,12.5,14.5,16.5,18.5,20.5,22.5,24.5,26.5,28.5,32.5,36.5,40.5,44.5,48.5,52.5,56.5,60.5,68.5,76.5,84.5,92.5,101,109,117,125,141,157,173,189,205,221,237,253,285,317,349,381,413,445,477,509,573,637,701,765,829,893,957,1020,1150,1280,1400,1530,1660,1790,1920,2040,2300,2560,2810,3070,3320,3580,3840,4090,4600,5120,5630,6140,6650,7160,7680,8190,9210,1.02e4,1.13e4,1.23e4,1.33e4,1.43e4,1.54e4,1.64e4,1.84e4,2.05e4,2.25e4,2.46e4,2.66e4,2.87e4,3.07e4,3.28e4,3.69e4,4.10e4,4.51e4,4.91e4,5.32e4,5.73e4,6.14e4,6.55e4,7.37e4,8.19e4,9.01e4,9.83e4,1.06e5,1.15e5,1.23e5,1.31e5,1.47e5,1.64e5,1.80e5,1.97e5,2.13e5,2.29e5,2.46e5,2.62e5,2.95e5,3.28e5,3.60e5,3.93e5,4.26e5,4.59e5,4.92e5,5.24e5,5.90e5,6.55e5,7.21e5,7.86e5,8.52e5,9.18e5,9.83e5,1.05e6,1.18e6,1.31e6,1.44e6,1.57e6,1.70e6,1.84e6,1.97e6,2.10e6,2.36e6,2.62e6,2.88e6,3.15e6,3.41e6,3.67e6,3.93e6,4.19e6,4.72e6,5.24e6,5.77e6,6.29e6,6.82e6,7.34e6,7.86e6,8.39e6,9.44e6,1.05e7,1.15e7,1.26e7,1.36e7,1.47e7,1.57e7,1.68e7,1.89e7,2.10e7,2.31e7,2.52e7,2.73e7,2.94e7,3.15e7,3.36e7,3.77e7,4.19e7,4.61e7,5.03e7,5.45e7,5.87e7,6.29e7","0.195,0.192,0.193,0.192,0.191,0.191,0.188,0.185,0.185,0.181,0.180,0.175,0.174,0.170,0.167,0.161,0.159,0.156,0.149,0.143,0.138,0.131,0.124,0.118,0.111,0.104,0.0986,0.0940,0.0881,0.0812,0.0789,0.0713,0.0698,0.0593,0.0566,0.0515,0.0472,0.0473,0.0407,0.0235,0.0318","1.50,2.00,2.50,3.50,4.50,5.50,7.50,9.50,11.5,14.5,18.5,22.5,28.5,36.5,44.5,56.5,68.5,84.5,109,141,173,221,285,349,445,573,701,893,1150,1400,1790,2300,2810,3580,4600,5630,7160,9210,1.13e4,1.43e4,1.84e4","0.190,0.189,0.189,0.189,0.188,0.188,0.187,0.186,0.185,0.184,0.182,0.181,0.178,0.175,0.172,0.168,0.164,0.159,0.152,0.144,0.136,0.127,0.118,0.111,0.105,0.103,0.109","1.50,2.00,2.50,3.50,4.50,5.50,7.50,9.50,11.5,14.5,18.5,22.5,28.5,36.5,44.5,56.5,68.5,84.5,109,141,173,221,285,349,445,573,701","52301.9","0.066","0.0278"
"6"," 1","2.30","0.0168,0.0257,0.0257,0.0226,0.0229,0.0258,0.0243,0.0246,0.0256,0.0252,0.0242,0.0237,0.0234,0.0238,0.0226,0.0219,0.0217,0.0214,0.0229,0.0207,0.0226,0.0208,0.0208,0.0209,0.0206,0.0202,0.0205,0.0195,0.0187,0.0188,0.0186,0.0180,0.0177,0.0182,0.0178,0.0171,0.0166,0.0163,0.0162,0.0157,0.0157,0.0150,0.0145,0.0143,0.0136,0.0130,0.0127,0.0127,0.0124,0.0117,0.0113,0.0109,0.0104,0.0101,0.00991,0.00937,0.00936,0.00885,0.00881,0.00852,0.00861,0.00879,0.00876,0.00871,0.00835,0.00787,0.00714,0.00651,0.00617,0.00651,0.00667,0.00679,0.00679,0.00618,0.00579,0.00618,0.00628,0.00541,0.00502,0.00563,0.00566,0.00503,0.00510,0.00481,0.00494,0.00449,0.00462,0.00433,0.00472,0.00452,0.00429,0.00424,0.00375,0.00361,0.00336,0.00321,0.00371,0.00309,0.00284,0.00254,0.00221,0.00192,0.00164,0.00119,0.00323,0.00319,0.00322,0.00302,0.00276,0.00266,0.00249,0.00222,0.00212,0.00207,0.00226,0.00220,0.00212,0.00197,0.00175,0.00155,0.00149,0.00104,5.78e-4,1.56e-4,1.73e-5,7.70e-6,0.00,0.00,0.00,0.00,0.00,0.00,0.00,0.00,0.00,0.00,0.00,0.00,0.00,0.00,0.00,0.00,0.00,0.00,0.00,0.00,0.00,0.00,0.00,0.00,0.00,0.00,0.00,0.00,0.00,0.00,0.00,0.00,0.00,0.00,0.00,0.00,0.00,0.00,0.00,0.00,0.00,0.00,0.00,0.00,0.00,0.00,0.00,0.00,0.00,0.00,0.00,0.00,0.00,0.00,0.00,0.00,0.00,0.00,0.00,0.00,0.00,0.00,0.00,0.00,0.00,0.00","0.500,1.00,1.50,2.00,2.50,3.00,3.50,4.00,4.50,5.50,6.50,7.50,8.50,9.50,10.5,11.5,12.5,14.5,16.5,18.5,20.5,22.5,24.5,26.5,28.5,32.5,36.5,40.5,44.5,48.5,52.5,56.5,60.5,68.5,76.5,84.5,92.5,101,109,117,125,141,157,173,189,205,221,237,253,285,317,349,381,413,445,477,509,573,637,701,765,829,893,957,1020,1150,1280,1400,1530,1660,1790,1920,2040,2300,2560,2810,3070,3320,3580,3840,4090,4600,5120,5630,6140,6650,7160,7680,8190,9210,1.02e4,1.13e4,1.23e4,1.33e4,1.43e4,1.54e4,1.64e4,1.84e4,2.05e4,2.25e4,2.46e4,2.66e4,2.87e4,3.07e4,3.28e4,3.69e4,4.10e4,4.51e4,4.91e4,5.32e4,5.73e4,6.14e4,6.55e4,7.37e4,8.19e4,9.01e4,9.83e4,1.06e5,1.15e5,1.23e5,1.31e5,1.47e5,1.64e5,1.80e5,1.97e5,2.13e5,2.29e5,2.46e5,2.62e5,2.95e5,3.28e5,3.60e5,3.93e5,4.26e5,4.59e5,4.92e5,5.24e5,5.90e5,6.55e5,7.21e5,7.86e5,8.52e5,9.18e5,9.83e5,1.05e6,1.18e6,1.31e6,1.44e6,1.57e6,1.70e6,1.84e6,1.97e6,2.10e6,2.36e6,2.62e6,2.88e6,3.15e6,3.41e6,3.67e6,3.93e6,4.19e6,4.72e6,5.24e6,5.77e6,6.29e6,6.82e6,7.34e6,7.86e6,8.39e6,9.44e6,1.05e7,1.15e7,1.26e7,1.36e7,1.47e7,1.57e7,1.68e7,1.89e7,2.10e7,2.31e7,2.52e7,2.73e7,2.94e7,3.15e7,3.36e7,3.77e7,4.19e7,4.61e7,5.03e7,5.45e7,5.87e7,6.29e7","0.157,0.147,0.148,0.152,0.157,0.155,0.150,0.151,0.144,0.143,0.140,0.140,0.140,0.140,0.133,0.130,0.131,0.127,0.123,0.118,0.115,0.108,0.103,0.0989,0.0940,0.0882,0.0863,0.0877,0.0825,0.0737,0.0749,0.0715,0.0715,0.0628,0.0629,0.0612,0.0596,0.0587,0.0563,0.0478,0.0450,0.0384,0.0238,0.0460,0.0442,0.0377,0.0316,0.0336,0.0262","1.50,2.00,2.50,3.50,4.50,5.50,7.50,9.50,11.5,14.5,18.5,22.5,28.5,36.5,44.5,56.5,68.5,84.5,109,141,173,221,285,349,445,573,701,893,1150,1400,1790,2300,2810,3580,4600,5630,7160,9210,1.13e4,1.43e4,1.84e4,2.25e4,2.87e4,3.69e4,4.51e4,5.73e4,7.37e4,9.01e4,1.15e5","0.145,0.145,0.145,0.145,0.145,0.145,0.145,0.145,0.144,0.144,0.144,0.143,0.143,0.142,0.141,0.140,0.138,0.137,0.134,0.131,0.128,0.124,0.119,0.114,0.107,0.0988,0.0918,0.0829,0.0736,0.0666,0.0593,0.0544,0.0537,0.0608,0.0933","1.50,2.00,2.50,3.50,4.50,5.50,7.50,9.50,11.5,14.5,18.5,22.5,28.5,36.5,44.5,56.5,68.5,84.5,109,141,173,221,285,349,445,573,701,893,1150,1400,1790,2300,2810,3580,4600","30059.8","0.024","0.00107"
"7"," 1","2.40","0.00433,0.0104,0.0132,0.0118,0.0121,0.0148,0.0121,0.0129,0.0134,0.0132,0.0125,0.0119,0.0119,0.0115,0.00986,0.0105,0.0106,0.0116,0.0104,0.0103,0.0102,0.0114,0.0123,0.0106,0.00991,0.0104,0.0101,0.00867,0.00902,0.00891,0.00895,0.00844,0.00963,0.00932,0.00875,0.00867,0.00891,0.00793,0.00750,0.00846,0.00801,0.00750,0.00708,0.00736,0.00711,0.00634,0.00614,0.00550,0.00541,0.00490,0.00476,0.00488,0.00363,0.00365,0.00331,0.00319,0.00312,0.00283,0.00329,0.00410,0.00454,0.00502,0.00542,0.00573,0.00564,0.00510,0.00334,0.00215,0.00196,0.00276,0.00420,0.00485,0.00461,0.00282,0.00203,0.00384,0.00403,0.00229,0.00172,0.00364,0.00345,0.00239,0.00310,0.00235,0.00281,0.00238,0.00264,0.00225,0.00260,0.00242,0.00231,0.00221,0.00207,0.00196,0.00184,0.00177,0.00244,0.00207,0.00172,0.00152,0.00129,0.00113,7.54e-4,5.06e-4,0.00262,0.00269,0.00259,0.00248,0.00261,0.00265,0.00267,0.00266,0.00264,0.00266,0.00258,0.00263,0.00262,0.00255,0.00259,0.00247,0.00243,0.00242,0.00243,0.00244,0.00245,0.00241,0.00219,0.00198,0.00193,0.00161,0.00144,9.68e-4,8.23e-4,6.93e-4,5.21e-4,4.18e-4,3.10e-4,0.00,0.00,9.47e-5,3.56e-4,3.49e-4,7.93e-5,1.52e-4,0.00,0.00,0.00,0.00,0.00,0.00,0.00,0.00,0.00,0.00,0.00,0.00,0.00,0.00,0.00,0.00,0.00,0.00,0.00,0.00,0.00,0.00,0.00,0.00,0.00,0.00,0.00,0.00,0.00,0.00,0.00,0.00,0.00,0.00,0.00,0.00,0.00,0.00,0.00,0.00,0.00,0.00,0.00,0.00,0.00,0.00,0.00,0.00","0.500,1.00,1.50,2.00,2.50,3.00,3.50,4.00,4.50,5.50,6.50,7.50,8.50,9.50,10.5,11.5,12.5,14.5,16.5,18.5,20.5,22.5,24.5,26.5,28.5,32.5,36.5,40.5,44.5,48.5,52.5,56.5,60.5,68.5,76.5,84.5,92.5,101,109,117,125,141,157,173,189,205,221,237,253,285,317,349,381,413,445,477,509,573,637,701,765,829,893,957,1020,1150,1280,1400,1530,1660,1790,1920,2040,2300,2560,2810,3070,3320,3580,3840,4090,4600,5120,5630,6140,6650,7160,7680,8190,9210,1.02e4,1.13e4,1.23e4,1.33e4,1.43e4,1.54e4,1.64e4,1.84e4,2.05e4,2.25e4,2.46e4,2.66e4,2.87e4,3.07e4,3.28e4,3.69e4,4.10e4,4.51e4,4.91e4,5.32e4,5.73e4,6.14e4,6.55e4,7.37e4,8.19e4,9.01e4,9.83e4,1.06e5,1.15e5,1.23e5,1.31e5,1.47e5,1.64e5,1.80e5,1.97e5,2.13e5,2.29e5,2.46e5,2.62e5,2.95e5,3.28e5,3.60e5,3.93e5,4.26e5,4.59e5,4.92e5,5.24e5,5.90e5,6.55e5,7.21e5,7.86e5,8.52e5,9.18e5,9.83e5,1.05e6,1.18e6,1.31e6,1.44e6,1.57e6,1.70e6,1.84e6,1.97e6,2.10e6,2.36e6,2.62e6,2.88e6,3.15e6,3.41e6,3.67e6,3.93e6,4.19e6,4.72e6,5.24e6,5.77e6,6.29e6,6.82e6,7.34e6,7.86e6,8.39e6,9.44e6,1.05e7,1.15e7,1.26e7,1.36e7,1.47e7,1.57e7,1.68e7,1.89e7,2.10e7,2.31e7,2.52e7,2.73e7,2.94e7,3.15e7,3.36e7,3.77e7,4.19e7,4.61e7,5.03e7,5.45e7,5.87e7,6.29e7","0.104,0.0967,0.0980,0.0983,0.104,0.104,0.0970,0.0950,0.0894,0.0954,0.0887,0.0947,0.0863,0.0874,0.0809,0.0773,0.0828,0.0787,0.0709,0.0709,0.0699,0.0605,0.0493,0.0491,0.0290,0.0190,0.0403,0.0543,0.0512","1.50,2.00,2.50,3.50,4.50,5.50,7.50,9.50,11.5,14.5,18.5,22.5,28.5,36.5,44.5,56.5,68.5,84.5,109,141,173,221,285,349,445,573,701,893,1150","0.0995,0.0994,0.0992,0.0988,0.0985,0.0982,0.0975,0.0969,0.0962,0.0952,0.0940,0.0928,0.0910,0.0887,0.0866,0.0835,0.0807,0.0772,0.0726,0.0675,0.0633,0.0586,0.0546,0.0529","1.50,2.00,2.50,3.50,4.50,5.50,7.50,9.50,11.5,14.5,18.5,22.5,28.5,36.5,44.5,56.5,68.5,84.5,109,141,173,221,285,349","77627.5","0.013","0.00247"
"8"," 1","2.50","0.00159,0.00906,0.0102,0.00639,0.00712,0.0125,0.00775,0.0152,0.0109,0.00425,0.0132,0.00889,0.00969,0.00751,0.0119,0.00798,0.00964,0.00951,0.00812,0.0121,0.0117,0.0132,0.00870,0.0130,0.00831,0.00621,0.0110,0.00782,0.00765,0.00890,0.00872,0.00672,0.00540,0.00649,0.00708,0.00561,0.00568,0.00582,0.00680,0.00715,0.00597,0.00587,0.00486,0.00515,0.00591,0.00481,0.00501,0.00440,0.00491,0.00455,0.00271,0.00391,0.00439,0.00446,0.00383,0.00365,0.00334,0.00345,0.00342,0.00320,0.00403,0.00417,0.00414,0.00411,0.00422,0.00403,0.00283,0.00292,0.00244,0.00325,0.00379,0.00354,0.00358,0.00294,0.00251,0.00288,0.00314,0.00225,0.00228,0.00271,0.00275,0.00232,0.00271,0.00238,0.00229,0.00214,0.00229,0.00186,0.00216,0.00201,0.00204,0.00150,0.00144,0.00123,0.00105,0.00120,0.00175,0.00135,0.00106,8.33e-4,6.53e-4,2.14e-4,1.20e-4,0.00,0.00147,0.00141,0.00144,0.00126,0.00142,0.00128,0.00117,0.00115,0.00115,0.00110,9.81e-4,0.00100,9.33e-4,9.15e-4,9.05e-4,8.71e-4,9.58e-4,9.39e-4,8.55e-4,7.54e-4,5.86e-4,5.31e-4,6.34e-4,6.19e-4,6.02e-4,5.89e-4,3.19e-4,0.00,0.00,0.00,0.00,0.00,0.00,0.00,0.00,0.00,0.00,0.00,0.00,0.00,0.00,0.00,0.00,0.00,0.00,0.00,0.00,0.00,0.00,0.00,0.00,0.00,0.00,0.00,0.00,0.00,0.00,0.00,0.00,0.00,0.00,0.00,0.00,0.00,0.00,0.00,0.00,0.00,0.00,0.00,0.00,0.00,0.00,0.00,0.00,0.00,0.00,0.00,0.00,0.00,0.00,0.00,0.00,0.00,0.00,0.00,0.00,0.00","0.500,1.00,1.50,2.00,2.50,3.00,3.50,4.00,4.50,5.50,6.50,7.50,8.50,9.50,10.5,11.5,12.5,14.5,16.5,18.5,20.5,22.5,24.5,26.5,28.5,32.5,36.5,40.5,44.5,48.5,52.5,56.5,60.5,68.5,76.5,84.5,92.5,101,109,117,125,141,157,173,189,205,221,237,253,285,317,349,381,413,445,477,509,573,637,701,765,829,893,957,1020,1150,1280,1400,1530,1660,1790,1920,2040,2300,2560,2810,3070,3320,3580,3840,4090,4600,5120,5630,6140,6650,7160,7680,8190,9210,1.02e4,1.13e4,1.23e4,1.33e4,1.43e4,1.54e4,1.64e4,1.84e4,2.05e4,2.25e4,2.46e4,2.66e4,2.87e4,3.07e4,3.28e4,3.69e4,4.10e4,4.51e4,4.91e4,5.32e4,5.73e4,6.14e4,6.55e4,7.37e4,8.19e4,9.01e4,9.83e4,1.06e5,1.15e5,1.23e5,1.31e5,1.47e5,1.64e5,1.80e5,1.97e5,2.13e5,2.29e5,2.46e5,2.62e5,2.95e5,3.28e5,3.60e5,3.93e5,4.26e5,4.59e5,4.92e5,5.24e5,5.90e5,6.55e5,7.21e5,7.86e5,8.52e5,9.18e5,9.83e5,1.05e6,1.18e6,1.31e6,1.44e6,1.57e6,1.70e6,1.84e6,1.97e6,2.10e6,2.36e6,2.62e6,2.88e6,3.15e6,3.41e6,3.67e6,3.93e6,4.19e6,4.72e6,5.24e6,5.77e6,6.29e6,6.82e6,7.34e6,7.86e6,8.39e6,9.44e6,1.05e7,1.15e7,1.26e7,1.36e7,1.47e7,1.57e7,1.68e7,1.89e7,2.10e7,2.31e7,2.52e7,2.73e7,2.94e7,3.15e7,3.36e7,3.77e7,4.19e7,4.61e7,5.03e7,5.45e7,5.87e7,6.29e7","0.0969,0.0745,0.0792,0.0831,0.100,0.0583,0.0897,0.0816,0.0845,0.0931,0.106,0.111,0.0864,0.101,0.0825,0.0766,0.0751,0.0690,0.0772,0.0709,0.0656,0.0645,0.0608,0.0553,0.0546,0.0510,0.0485,0.0574,0.0564,0.0455,0.0542,0.0458,0.0451,0.0378,0.0384,0.0391,0.0379,0.0341,0.0255,0.0144,0.0224","1.50,2.00,2.50,3.50,4.50,5.50,7.50,9.50,11.5,14.5,18.5,22.5,28.5,36.5,44.5,56.5,68.5,84.5,109,141,173,221,285,349,445,573,701,893,1150,1400,1790,2300,2810,3580,4600,5630,7160,9210,1.13e4,1.43e4,1.84e4","0.0958,0.0957,0.0956,0.0954,0.0952,0.0950,0.0947,0.0943,0.0939,0.0934,0.0927,0.0920,0.0909,0.0896,0.0883,0.0864,0.0845,0.0822,0.0789,0.0749,0.0713,0.0666,0.0614,0.0573,0.0526,0.0490,0.0477,0.0498,0.0618","1.50,2.00,2.50,3.50,4.50,5.50,7.50,9.50,11.5,14.5,18.5,22.5,28.5,36.5,44.5,56.5,68.5,84.5,109,141,173,221,285,349,445,573,701,893,1150","33330.8","0.008","8.48e-4"
"9"," 1","2.60","0.0110,0.0149,0.0164,0.0143,0.0149,0.0174,0.0165,0.0165,0.0158,0.0144,0.0141,0.0156,0.0178,0.0162,0.0158,0.0147,0.0157,0.0144,0.0141,0.0147,0.0145,0.0144,0.0151,0.0142,0.0135,0.0140,0.0138,0.0133,0.0141,0.0136,0.0130,0.0130,0.0124,0.0119,0.0122,0.0123,0.0113,0.0118,0.0113,0.0116,0.0113,0.0108,0.0105,0.0101,0.0100,0.00988,0.00936,0.00923,0.00941,0.00904,0.00864,0.00856,0.00847,0.00829,0.00771,0.00776,0.00751,0.00732,0.00715,0.00682,0.00713,0.00658,0.00686,0.00668,0.00661,0.00650,0.00616,0.00579,0.00562,0.00558,0.00575,0.00570,0.00564,0.00533,0.00503,0.00512,0.00499,0.00484,0.00479,0.00479,0.00482,0.00442,0.00426,0.00404,0.00418,0.00397,0.00394,0.00377,0.00393,0.00356,0.00322,0.00315,0.00297,0.00286,0.00269,0.00249,0.00315,0.00297,0.00257,0.00236,0.00190,0.00170,0.00149,0.00125,0.00278,0.00279,0.00240,0.00240,0.00229,0.00244,0.00230,0.00218,0.00211,0.00206,0.00178,0.00173,0.00192,0.00172,0.00184,0.00182,0.00167,0.00144,0.00128,0.00115,0.00101,8.01e-4,5.69e-4,7.33e-5,0.00,0.00,0.00,0.00,0.00,0.00,0.00,0.00,0.00,0.00,0.00,0.00,0.00,0.00,0.00,0.00,0.00,0.00,0.00,0.00,0.00,0.00,0.00,0.00,0.00,0.00,0.00,0.00,0.00,0.00,0.00,0.00,0.00,0.00,0.00,0.00,0.00,0.00,0.00,0.00,0.00,0.00,0.00,0.00,0.00,0.00,0.00,0.00,0.00,0.00,0.00,0.00,0.00,0.00,0.00,0.00,0.00,0.00,0.00,0.00,0.00,0.00,0.00,0.00","0.500,1.00,1.50,2.00,2.50,3.00,3.50,4.00,4.50,5.50,6.50,7.50,8.50,9.50,10.5,11.5,12.5,14.5,16.5,18.5,20.5,22.5,24.5,26.5,28.5,32.5,36.5,40.5,44.5,48.5,52.5,56.5,60.5,68.5,76.5,84.5,92.5,101,109,117,125,141,157,173,189,205,221,237,253,285,317,349,381,413,445,477,509,573,637,701,765,829,893,957,1020,1150,1280,1400,1530,1660,1790,1920,2040,2300,2560,2810,3070,3320,3580,3840,4090,4600,5120,5630,6140,6650,7160,7680,8190,9210,1.02e4,1.13e4,1.23e4,1.33e4,1.43e4,1.54e4,1.64e4,1.84e4,2.05e4,2.25e4,2.46e4,2.66e4,2.87e4,3.07e4,3.28e4,3.69e4,4.10e4,4.51e4,4.91e4,5.32e4,5.73e4,6.14e4,6.55e4,7.37e4,8.19e4,9.01e4,9.83e4,1.06e5,1.15e5,1.23e5,1.31e5,1.47e5,1.64e5,1.80e5,1.97e5,2.13e5,2.29e5,2.46e5,2.62e5,2.95e5,3.28e5,3.60e5,3.93e5,4.26e5,4.59e5,4.92e5,5.24e5,5.90e5,6.55e5,7.21e5,7.86e5,8.52e5,9.18e5,9.83e5,1.05e6,1.18e6,1.31e6,1.44e6,1.57e6,1.70e6,1.84e6,1.97e6,2.10e6,2.36e6,2.62e6,2.88e6,3.15e6,3.41e6,3.67e6,3.93e6,4.19e6,4.72e6,5.24e6,5.77e6,6.29e6,6.82e6,7.34e6,7.86e6,8.39e6,9.44e6,1.05e7,1.15e7,1.26e7,1.36e7,1.47e7,1.57e7,1.68e7,1.89e7,2.10e7,2.31e7,2.52e7,2.73e7,2.94e7,3.15e7,3.36e7,3.77e7,4.19e7,4.61e7,5.03e7,5.45e7,5.87e7,6.29e7","0.122,0.113,0.116,0.122,0.120,0.114,0.119,0.121,0.115,0.114,0.115,0.113,0.110,0.111,0.112,0.107,0.102,0.104,0.0988,0.0964,0.0928,0.0887,0.0869,0.0841,0.0788,0.0763,0.0730,0.0733,0.0708,0.0655,0.0653,0.0620,0.0603,0.0574,0.0541,0.0505,0.0495,0.0454,0.0407,0.0346,0.0385,0.0294","1.50,2.00,2.50,3.50,4.50,5.50,7.50,9.50,11.5,14.5,18.5,22.5,28.5,36.5,44.5,56.5,68.5,84.5,109,141,173,221,285,349,445,573,701,893,1150,1400,1790,2300,2810,3580,4600,5630,7160,9210,1.13e4,1.43e4,1.84e4,2.25e4","0.117,0.117,0.117,0.117,0.117,0.116,0.116,0.116,0.116,0.115,0.115,0.114,0.113,0.112,0.111,0.110,0.108,0.106,0.104,0.100,0.0970,0.0926,0.0875,0.0831,0.0777,0.0723,0.0687,0.0661,0.0677,0.0753","1.50,2.00,2.50,3.50,4.50,5.50,7.50,9.50,11.5,14.5,18.5,22.5,28.5,36.5,44.5,56.5,68.5,84.5,109,141,173,221,285,349,445,573,701,893,1150,1400","26984.7","0.017","0.00149"
"10"," 1","2.70","0.0190,0.0221,0.0211,0.0226,0.0223,0.0221,0.0198,0.0169,0.0216,0.0229,0.0219,0.0186,0.0165,0.0135,0.0236,0.0171,0.0178,0.0209,0.0195,0.0171,0.0180,0.0173,0.0171,0.0174,0.0169,0.0179,0.0169,0.0173,0.0161,0.0162,0.0160,0.0160,0.0164,0.0161,0.0149,0.0155,0.0146,0.0155,0.0147,0.0133,0.0139,0.0152,0.0132,0.0122,0.0136,0.0121,0.0118,0.0112,0.0117,0.0120,0.0107,0.0104,0.0105,0.0104,0.00905,0.00958,0.00971,0.00857,0.00858,0.00871,0.00898,0.00855,0.00831,0.00800,0.00779,0.00795,0.00762,0.00710,0.00700,0.00702,0.00662,0.00695,0.00689,0.00643,0.00611,0.00653,0.00618,0.00593,0.00599,0.00595,0.00577,0.00557,0.00555,0.00540,0.00517,0.00521,0.00492,0.00487,0.00518,0.00482,0.00458,0.00433,0.00421,0.00425,0.00407,0.00365,0.00450,0.00407,0.00372,0.00339,0.00310,0.00258,0.00243,0.00196,0.00400,0.00388,0.00378,0.00383,0.00396,0.00370,0.00386,0.00391,0.00390,0.00375,0.00361,0.00369,0.00374,0.00366,0.00364,0.00365,0.00356,0.00371,0.00405,0.00433,0.00436,0.00460,0.00488,0.00509,0.00513,0.00538,0.00596,0.00630,0.00608,0.00563,0.00574,0.00525,0.00577,0.00568,0.00552,0.00598,0.00671,0.00701,0.00766,0.00860,0.00978,0.0115,0.0127,0.0136,0.0129,0.0112,0.00970,0.00834,0.00677,0.00357,0.00316,0.00279,0.00233,0.00,0.00,0.00,0.00,0.00,0.00,0.00,0.00,0.00,0.00,0.00,0.00,0.00,0.00,0.00,0.00,0.00,0.00,0.00,0.00,0.00,0.00,0.00,0.00,0.00,0.00,0.00,0.00,0.00,0.00,0.00,0.00,0.00,0.00,0.00","0.500,1.00,1.50,2.00,2.50,3.00,3.50,4.00,4.50,5.50,6.50,7.50,8.50,9.50,10.5,11.5,12.5,14.5,16.5,18.5,20.5,22.5,24.5,26.5,28.5,32.5,36.5,40.5,44.5,48.5,52.5,56.5,60.5,68.5,76.5,84.5,92.5,101,109,117,125,141,157,173,189,205,221,237,253,285,317,349,381,413,445,477,509,573,637,701,765,829,893,957,1020,1150,1280,1400,1530,1660,1790,1920,2040,2300,2560,2810,3070,3320,3580,3840,4090,4600,5120,5630,6140,6650,7160,7680,8190,9210,1.02e4,1.13e4,1.23e4,1.33e4,1.43e4,1.54e4,1.64e4,1.84e4,2.05e4,2.25e4,2.46e4,2.66e4,2.87e4,3.07e4,3.28e4,3.69e4,4.10e4,4.51e4,4.91e4,5.32e4,5.73e4,6.14e4,6.55e4,7.37e4,8.19e4,9.01e4,9.83e4,1.06e5,1.15e5,1.23e5,1.31e5,1.47e5,1.64e5,1.80e5,1.97e5,2.13e5,2.29e5,2.46e5,2.62e5,2.95e5,3.28e5,3.60e5,3.93e5,4.26e5,4.59e5,4.92e5,5.24e5,5.90e5,6.55e5,7.21e5,7.86e5,8.52e5,9.18e5,9.83e5,1.05e6,1.18e6,1.31e6,1.44e6,1.57e6,1.70e6,1.84e6,1.97e6,2.10e6,2.36e6,2.62e6,2.88e6,3.15e6,3.41e6,3.67e6,3.93e6,4.19e6,4.72e6,5.24e6,5.77e6,6.29e6,6.82e6,7.34e6,7.86e6,8.39e6,9.44e6,1.05e7,1.15e7,1.26e7,1.36e7,1.47e7,1.57e7,1.68e7,1.89e7,2.10e7,2.31e7,2.52e7,2.73e7,2.94e7,3.15e7,3.36e7,3.77e7,4.19e7,4.61e7,5.03e7,5.45e7,5.87e7,6.29e7","0.131,0.137,0.136,0.126,0.133,0.138,0.121,0.0983,0.115,0.130,0.115,0.116,0.114,0.114,0.111,0.110,0.111,0.108,0.104,0.106,0.0914,0.0893,0.0900,0.0807,0.0720,0.0686,0.0696,0.0666,0.0639,0.0569,0.0524,0.0506,0.0516,0.0461,0.0412,0.0392,0.0325,0.0309,0.0215,0.0142,0.0141","1.50,2.00,2.50,3.50,4.50,5.50,7.50,9.50,11.5,14.5,18.5,22.5,28.5,36.5,44.5,56.5,68.5,84.5,109,141,173,221,285,349,445,573,701,893,1150,1400,1790,2300,2810,3580,4600,5630,7160,9210,1.13e4,1.43e4,1.84e4","0.129,0.128,0.128,0.128,0.128,0.127,0.127,0.126,0.126,0.125,0.124,0.123,0.122,0.120,0.118,0.115,0.112,0.109,0.105,0.0992,0.0945,0.0884,0.0819,0.0771,0.0725,0.0705,0.0729","1.50,2.00,2.50,3.50,4.50,5.50,7.50,9.50,11.5,14.5,18.5,22.5,28.5,36.5,44.5,56.5,68.5,84.5,109,141,173,221,285,349,445,573,701","48065.2","0.021","0.00387"
"11"," 1","2.80","0.0270,0.0303,0.0322,0.0312,0.0281,0.0253,0.0306,0.0307,0.0309,0.0289,0.0301,0.0268,0.0280,0.0287,0.0293,0.0272,0.0277,0.0287,0.0281,0.0275,0.0267,0.0282,0.0270,0.0265,0.0270,0.0257,0.0258,0.0257,0.0261,0.0251,0.0248,0.0244,0.0237,0.0236,0.0229,0.0230,0.0233,0.0222,0.0216,0.0214,0.0216,0.0212,0.0209,0.0203,0.0194,0.0195,0.0194,0.0189,0.0187,0.0182,0.0171,0.0172,0.0167,0.0164,0.0162,0.0165,0.0159,0.0156,0.0151,0.0153,0.0143,0.0141,0.0140,0.0139,0.0139,0.0134,0.0130,0.0125,0.0124,0.0124,0.0121,0.0122,0.0119,0.0116,0.0115,0.0115,0.0113,0.0111,0.0111,0.0112,0.0112,0.0107,0.0104,0.0104,0.0103,0.0101,0.00994,0.00990,0.00997,0.00953,0.00955,0.00922,0.00901,0.00891,0.00866,0.00862,0.00906,0.00856,0.00808,0.00741,0.00717,0.00682,0.00647,0.00608,0.00786,0.00747,0.00724,0.00691,0.00709,0.00694,0.00681,0.00643,0.00640,0.00625,0.00654,0.00673,0.00695,0.00712,0.00695,0.00685,0.00629,0.00570,0.00518,0.00488,0.00483,0.00489,0.00475,0.00437,0.00404,0.00317,0.00258,0.00132,0.00,0.00,0.00,0.00,0.00,0.00,0.00,0.00,0.00,0.00,0.00,0.00,0.00,0.00,0.00,0.00,0.00,0.00,0.00,0.00,0.00,0.00,0.00,0.00,0.00,0.00,0.00,0.00,0.00,0.00,0.00,0.00,0.00,0.00,0.00,0.00,0.00,0.00,0.00,0.00,0.00,0.00,0.00,0.00,0.00,0.00,0.00,0.00,0.00,0.00,0.00,0.00,0.00,0.00,0.00,0.00,0.00,0.00,0.00,0.00","0.500,1.00,1.50,2.00,2.50,3.00,3.50,4.00,4.50,5.50,6.50,7.50,8.50,9.50,10.5,11.5,12.5,14.5,16.5,18.5,20.5,22.5,24.5,26.5,28.5,32.5,36.5,40.5,44.5,48.5,52.5,56.5,60.5,68.5,76.5,84.5,92.5,101,109,117,125,141,157,173,189,205,221,237,253,285,317,349,381,413,445,477,509,573,637,701,765,829,893,957,1020,1150,1280,1400,1530,1660,1790,1920,2040,2300,2560,2810,3070,3320,3580,3840,4090,4600,5120,5630,6140,6650,7160,7680,8190,9210,1.02e4,1.13e4,1.23e4,1.33e4,1.43e4,1.54e4,1.64e4,1.84e4,2.05e4,2.25e4,2.46e4,2.66e4,2.87e4,3.07e4,3.28e4,3.69e4,4.10e4,4.51e4,4.91e4,5.32e4,5.73e4,6.14e4,6.55e4,7.37e4,8.19e4,9.01e4,9.83e4,1.06e5,1.15e5,1.23e5,1.31e5,1.47e5,1.64e5,1.80e5,1.97e5,2.13e5,2.29e5,2.46e5,2.62e5,2.95e5,3.28e5,3.60e5,3.93e5,4.26e5,4.59e5,4.92e5,5.24e5,5.90e5,6.55e5,7.21e5,7.86e5,8.52e5,9.18e5,9.83e5,1.05e6,1.18e6,1.31e6,1.44e6,1.57e6,1.70e6,1.84e6,1.97e6,2.10e6,2.36e6,2.62e6,2.88e6,3.15e6,3.41e6,3.67e6,3.93e6,4.19e6,4.72e6,5.24e6,5.77e6,6.29e6,6.82e6,7.34e6,7.86e6,8.39e6,9.44e6,1.05e7,1.15e7,1.26e7,1.36e7,1.47e7,1.57e7,1.68e7,1.89e7,2.10e7,2.31e7,2.52e7,2.73e7,2.94e7,3.15e7,3.36e7,3.77e7,4.19e7,4.61e7,5.03e7,5.45e7,5.87e7,6.29e7","0.162,0.159,0.149,0.157,0.158,0.151,0.144,0.151,0.146,0.151,0.147,0.149,0.145,0.141,0.142,0.136,0.133,0.131,0.125,0.124,0.120,0.116,0.111,0.106,0.101,0.0980,0.0965,0.0897,0.0862,0.0809,0.0784,0.0749,0.0742,0.0715,0.0690,0.0662,0.0630,0.0597,0.0570,0.0518,0.0509,0.0379,0.0223,0.0386,0.0306,0.0289,0.0166,0.0275,0.0312","1.50,2.00,2.50,3.50,4.50,5.50,7.50,9.50,11.5,14.5,18.5,22.5,28.5,36.5,44.5,56.5,68.5,84.5,109,141,173,221,285,349,445,573,701,893,1150,1400,1790,2300,2810,3580,4600,5630,7160,9210,1.13e4,1.43e4,1.84e4,2.25e4,2.87e4,3.69e4,4.51e4,5.73e4,7.37e4,9.01e4,1.15e5","0.149,0.149,0.149,0.149,0.148,0.148,0.148,0.148,0.148,0.147,0.147,0.147,0.146,0.145,0.144,0.143,0.142,0.141,0.138,0.135,0.133,0.129,0.124,0.119,0.112,0.104,0.0976,0.0888,0.0796,0.0725,0.0651,0.0598,0.0588,0.0651,0.0947","1.50,2.00,2.50,3.50,4.50,5.50,7.50,9.50,11.5,14.5,18.5,22.5,28.5,36.5,44.5,56.5,68.5,84.5,109,141,173,221,285,349,445,573,701,893,1150,1400,1790,2300,2810,3580,4600","21322.3","0.030","0.00597"
"12"," 1","2.90","0.0383,0.0430,0.0452,0.0403,0.0452,0.0430,0.0425,0.0418,0.0403,0.0423,0.0403,0.0431,0.0417,0.0427,0.0394,0.0438,0.0399,0.0387,0.0374,0.0372,0.0391,0.0366,0.0382,0.0386,0.0364,0.0344,0.0363,0.0337,0.0349,0.0347,0.0339,0.0328,0.0329,0.0319,0.0313,0.0300,0.0303,0.0293,0.0299,0.0282,0.0281,0.0275,0.0268,0.0263,0.0256,0.0246,0.0247,0.0240,0.0243,0.0227,0.0225,0.0214,0.0209,0.0208,0.0202,0.0197,0.0191,0.0186,0.0179,0.0175,0.0176,0.0169,0.0163,0.0160,0.0158,0.0154,0.0146,0.0143,0.0139,0.0136,0.0135,0.0134,0.0131,0.0126,0.0123,0.0123,0.0123,0.0122,0.0118,0.0120,0.0121,0.0116,0.0112,0.0106,0.0101,0.00991,0.0101,0.00983,0.0102,0.00983,0.00948,0.00936,0.00870,0.00854,0.00841,0.00816,0.00855,0.00794,0.00728,0.00713,0.00669,0.00657,0.00594,0.00555,0.00752,0.00729,0.00738,0.00715,0.00695,0.00635,0.00639,0.00625,0.00585,0.00594,0.00591,0.00560,0.00539,0.00500,0.00495,0.00508,0.00451,0.00432,0.00388,0.00371,0.00408,0.00358,0.00318,0.00278,0.00258,0.00171,0.00106,3.44e-4,0.00,0.00,0.00,0.00,3.91e-4,5.44e-4,0.00,0.00,0.00,0.00,0.00,0.00,0.00,0.00,0.00,0.00,0.00,0.00,0.00,0.00,0.00,0.00,0.00,0.00,0.00,0.00,0.00,0.00,0.00,0.00,0.00,0.00,0.00,0.00,0.00,0.00,0.00,0.00,0.00,0.00,0.00,0.00,0.00,0.00,0.00,0.00,0.00,0.00,0.00,0.00,0.00,0.00,0.00,0.00,0.00,0.00,0.00,0.00,0.00,0.00","0.500,1.00,1.50,2.00,2.50,3.00,3.50,4.00,4.50,5.50,6.50,7.50,8.50,9.50,10.5,11.5,12.5,14.5,16.5,18.5,20.5,22.5,24.5,26.5,28.5,32.5,36.5,40.5,44.5,48.5,52.5,56.5,60.5,68.5,76.5,84.5,92.5,101,109,117,125,141,157,173,189,205,221,237,253,285,317,349,381,413,445,477,509,573,637,701,765,829,893,957,1020,1150,1280,1400,1530,1660,1790,1920,2040,2300,2560,2810,3070,3320,3580,3840,4090,4600,5120,5630,6140,6650,7160,7680,8190,9210,1.02e4,1.13e4,1.23e4,1.33e4,1.43e4,1.54e4,1.64e4,1.84e4,2.05e4,2.25e4,2.46e4,2.66e4,2.87e4,3.07e4,3.28e4,3.69e4,4.10e4,4.51e4,4.91e4,5.32e4,5.73e4,6.14e4,6.55e4,7.37e4,8.19e4,9.01e4,9.83e4,1.06e5,1.15e5,1.23e5,1.31e5,1.47e5,1.64e5,1.80e5,1.97e5,2.13e5,2.29e5,2.46e5,2.62e5,2.95e5,3.28e5,3.60e5,3.93e5,4.26e5,4.59e5,4.92e5,5.24e5,5.90e5,6.55e5,7.21e5,7.86e5,8.52e5,9.18e5,9.83e5,1.05e6,1.18e6,1.31e6,1.44e6,1.57e6,1.70e6,1.84e6,1.97e6,2.10e6,2.36e6,2.62e6,2.88e6,3.15e6,3.41e6,3.67e6,3.93e6,4.19e6,4.72e6,5.24e6,5.77e6,6.29e6,6.82e6,7.34e6,7.86e6,8.39e6,9.44e6,1.05e7,1.15e7,1.26e7,1.36e7,1.47e7,1.57e7,1.68e7,1.89e7,2.10e7,2.31e7,2.52e7,2.73e7,2.94e7,3.15e7,3.36e7,3.77e7,4.19e7,4.61e7,5.03e7,5.45e7,5.87e7,6.29e7","0.202,0.189,0.202,0.195,0.189,0.194,0.197,0.196,0.198,0.185,0.181,0.179,0.179,0.178,0.175,0.168,0.166,0.160,0.159,0.152,0.148,0.142,0.135,0.130,0.126,0.119,0.114,0.109,0.105,0.0993,0.0950,0.0906,0.0888,0.0856,0.0844,0.0787,0.0755,0.0734,0.0701,0.0630,0.0592,0.0519,0.0388,0.0534,0.0521,0.0442,0.0387,0.0341,0.0225","1.50,2.00,2.50,3.50,4.50,5.50,7.50,9.50,11.5,14.5,18.5,22.5,28.5,36.5,44.5,56.5,68.5,84.5,109,141,173,221,285,349,445,573,701,893,1150,1400,1790,2300,2810,3580,4600,5630,7160,9210,1.13e4,1.43e4,1.84e4,2.25e4,2.87e4,3.69e4,4.51e4,5.73e4,7.37e4,9.01e4,1.15e5","0.188,0.188,0.188,0.188,0.188,0.187,0.187,0.187,0.187,0.186,0.186,0.185,0.184,0.183,0.182,0.180,0.179,0.177,0.174,0.170,0.166,0.160,0.153,0.147,0.138,0.127,0.118,0.107,0.0946,0.0855,0.0761,0.0696,0.0687,0.0775,0.119","1.50,2.00,2.50,3.50,4.50,5.50,7.50,9.50,11.5,14.5,18.5,22.5,28.5,36.5,44.5,56.5,68.5,84.5,109,141,173,221,285,349,445,573,701,893,1150,1400,1790,2300,2810,3580,4600","18461.3","0.045","0.00444"
"13"," 1","3.00","0.0790,0.0868,0.0802,0.0836,0.0829,0.0829,0.0797,0.0804,0.0816,0.0800,0.0772,0.0801,0.0778,0.0780,0.0783,0.0777,0.0774,0.0775,0.0742,0.0727,0.0743,0.0729,0.0736,0.0719,0.0719,0.0722,0.0695,0.0684,0.0687,0.0673,0.0663,0.0662,0.0650,0.0644,0.0629,0.0615,0.0613,0.0598,0.0582,0.0574,0.0572,0.0555,0.0543,0.0533,0.0517,0.0511,0.0498,0.0488,0.0475,0.0454,0.0437,0.0423,0.0406,0.0395,0.0381,0.0374,0.0368,0.0354,0.0351,0.0354,0.0359,0.0366,0.0372,0.0373,0.0367,0.0347,0.0323,0.0301,0.0297,0.0303,0.0320,0.0326,0.0322,0.0284,0.0266,0.0295,0.0299,0.0270,0.0256,0.0290,0.0283,0.0257,0.0271,0.0257,0.0264,0.0251,0.0251,0.0244,0.0248,0.0237,0.0234,0.0230,0.0224,0.0219,0.0217,0.0211,0.0224,0.0220,0.0212,0.0202,0.0195,0.0188,0.0182,0.0179,0.0204,0.0206,0.0203,0.0207,0.0200,0.0198,0.0198,0.0193,0.0193,0.0190,0.0185,0.0183,0.0186,0.0189,0.0184,0.0180,0.0184,0.0176,0.0171,0.0180,0.0185,0.0188,0.0190,0.0193,0.0193,0.0188,0.0199,0.0203,0.0189,0.0196,0.0199,0.0196,0.0213,0.0230,0.0230,0.0216,0.0213,0.0207,0.0217,0.0234,0.0246,0.0265,0.0307,0.0345,0.0405,0.0429,0.0456,0.0505,0.0550,0.0620,0.0667,0.0687,0.0745,0.0830,0.0912,0.100,0.00,0.00,0.00,0.00,0.00,0.00,0.00,0.00,0.00,0.00,0.00,0.00,0.00,0.00,0.00,0.00,0.00,0.00,0.00,0.00,0.00,0.00,0.00,0.00,0.00,0.00,0.00,0.00,0.00,0.00,0.00,0.00","0.500,1.00,1.50,2.00,2.50,3.00,3.50,4.00,4.50,5.50,6.50,7.50,8.50,9.50,10.5,11.5,12.5,14.5,16.5,18.5,20.5,22.5,24.5,26.5,28.5,32.5,36.5,40.5,44.5,48.5,52.5,56.5,60.5,68.5,76.5,84.5,92.5,101,109,117,125,141,157,173,189,205,221,237,253,285,317,349,381,413,445,477,509,573,637,701,765,829,893,957,1020,1150,1280,1400,1530,1660,1790,1920,2040,2300,2560,2810,3070,3320,3580,3840,4090,4600,5120,5630,6140,6650,7160,7680,8190,9210,1.02e4,1.13e4,1.23e4,1.33e4,1.43e4,1.54e4,1.64e4,1.84e4,2.05e4,2.25e4,2.46e4,2.66e4,2.87e4,3.07e4,3.28e4,3.69e4,4.10e4,4.51e4,4.91e4,5.32e4,5.73e4,6.14e4,6.55e4,7.37e4,8.19e4,9.01e4,9.83e4,1.06e5,1.15e5,1.23e5,1.31e5,1.47e5,1.64e5,1.80e5,1.97e5,2.13e5,2.29e5,2.46e5,2.62e5,2.95e5,3.28e5,3.60e5,3.93e5,4.26e5,4.59e5,4.92e5,5.24e5,5.90e5,6.55e5,7.21e5,7.86e5,8.52e5,9.18e5,9.83e5,1.05e6,1.18e6,1.31e6,1.44e6,1.57e6,1.70e6,1.84e6,1.97e6,2.10e6,2.36e6,2.62e6,2.88e6,3.15e6,3.41e6,3.67e6,3.93e6,4.19e6,4.72e6,5.24e6,5.77e6,6.29e6,6.82e6,7.34e6,7.86e6,8.39e6,9.44e6,1.05e7,1.15e7,1.26e7,1.36e7,1.47e7,1.57e7,1.68e7,1.89e7,2.10e7,2.31e7,2.52e7,2.73e7,2.94e7,3.15e7,3.36e7,3.77e7,4.19e7,4.61e7,5.03e7,5.45e7,5.87e7,6.29e7","0.249,0.256,0.254,0.248,0.252,0.249,0.249,0.245,0.244,0.244,0.234,0.234,0.232,0.227,0.225,0.219,0.215,0.208,0.200,0.193,0.187,0.178,0.165,0.155,0.141,0.131,0.131,0.138,0.129,0.109,0.118,0.101,0.107,0.0867,0.0873,0.0871,0.0835,0.0748,0.0701,0.0601,0.0619,0.0457,0.0107,0.0499,0.0504,0.0412,0.0291,0.0119,0.0175","1.50,2.00,2.50,3.50,4.50,5.50,7.50,9.50,11.5,14.5,18.5,22.5,28.5,36.5,44.5,56.5,68.5,84.5,109,141,173,221,285,349,445,573,701,893,1150,1400,1790,2300,2810,3580,4600,5630,7160,9210,1.13e4,1.43e4,1.84e4,2.25e4,2.87e4,3.69e4,4.51e4,5.73e4,7.37e4,9.01e4,1.15e5","0.243,0.243,0.243,0.242,0.242,0.242,0.241,0.241,0.240,0.240,0.239,0.238,0.236,0.234,0.232,0.229,0.227,0.223,0.218,0.211,0.205,0.196,0.185,0.174,0.161,0.146,0.133,0.118,0.103,0.0937,0.0863,0.0871,0.101,0.162","1.50,2.00,2.50,3.50,4.50,5.50,7.50,9.50,11.5,14.5,18.5,22.5,28.5,36.5,44.5,56.5,68.5,84.5,109,141,173,221,285,349,445,573,701,893,1150,1400,1790,2300,2810,3580","5660.0","0.084","0.0181"
"14"," 1","3.10","0.0946,0.104,0.101,0.0959,0.0990,0.0996,0.0920,0.0993,0.0982,0.0955,0.0952,0.0917,0.0919,0.0920,0.0933,0.0913,0.0922,0.0908,0.0879,0.0856,0.0860,0.0848,0.0832,0.0819,0.0810,0.0811,0.0781,0.0778,0.0759,0.0756,0.0755,0.0727,0.0723,0.0693,0.0689,0.0673,0.0672,0.0645,0.0627,0.0608,0.0607,0.0585,0.0571,0.0555,0.0534,0.0520,0.0512,0.0490,0.0476,0.0456,0.0432,0.0419,0.0406,0.0381,0.0370,0.0357,0.0356,0.0340,0.0327,0.0319,0.0318,0.0315,0.0312,0.0306,0.0294,0.0280,0.0254,0.0247,0.0240,0.0247,0.0252,0.0249,0.0243,0.0216,0.0207,0.0212,0.0215,0.0193,0.0186,0.0198,0.0186,0.0174,0.0176,0.0165,0.0161,0.0159,0.0151,0.0148,0.0151,0.0144,0.0140,0.0131,0.0125,0.0116,0.0111,0.0105,0.0110,0.0104,0.0100,0.0101,0.00968,0.00952,0.00822,0.00805,0.00903,0.00745,0.00728,0.00722,0.00706,0.00659,0.00685,0.00583,0.00571,0.00672,0.00548,0.00474,0.00456,0.00464,0.00415,0.00383,0.00386,0.00264,0.00134,4.57e-4,0.00,0.00,1.74e-4,0.00,0.00,0.00,0.00,0.00,0.00,0.00,0.00,0.00,0.00,0.00,0.00,0.00,0.00,0.00,0.00,0.00,0.00,0.00,0.00,0.00,0.00,0.00,0.00,0.00,0.00,0.00167,0.00289,0.00,0.00,0.00,0.00,0.00,0.00,0.00,0.00,0.00,0.00,0.00,0.00,0.00,0.00,0.00,0.00,0.00,0.00,0.00,0.00,0.00,0.00,0.00,0.00,0.00,0.00,0.00,0.00,0.00,0.00,0.00,0.00,0.00,0.00,0.00,0.00,0.00","0.500,1.00,1.50,2.00,2.50,3.00,3.50,4.00,4.50,5.50,6.50,7.50,8.50,9.50,10.5,11.5,12.5,14.5,16.5,18.5,20.5,22.5,24.5,26.5,28.5,32.5,36.5,40.5,44.5,48.5,52.5,56.5,60.5,68.5,76.5,84.5,92.5,101,109,117,125,141,157,173,189,205,221,237,253,285,317,349,381,413,445,477,509,573,637,701,765,829,893,957,1020,1150,1280,1400,1530,1660,1790,1920,2040,2300,2560,2810,3070,3320,3580,3840,4090,4600,5120,5630,6140,6650,7160,7680,8190,9210,1.02e4,1.13e4,1.23e4,1.33e4,1.43e4,1.54e4,1.64e4,1.84e4,2.05e4,2.25e4,2.46e4,2.66e4,2.87e4,3.07e4,3.28e4,3.69e4,4.10e4,4.51e4,4.91e4,5.32e4,5.73e4,6.14e4,6.55e4,7.37e4,8.19e4,9.01e4,9.83e4,1.06e5,1.15e5,1.23e5,1.31e5,1.47e5,1.64e5,1.80e5,1.97e5,2.13e5,2.29e5,2.46e5,2.62e5,2.95e5,3.28e5,3.60e5,3.93e5,4.26e5,4.59e5,4.92e5,5.24e5,5.90e5,6.55e5,7.21e5,7.86e5,8.52e5,9.18e5,9.83e5,1.05e6,1.18e6,1.31e6,1.44e6,1.57e6,1.70e6,1.84e6,1.97e6,2.10e6,2.36e6,2.62e6,2.88e6,3.15e6,3.41e6,3.67e6,3.93e6,4.19e6,4.72e6,5.24e6,5.77e6,6.29e6,6.82e6,7.34e6,7.86e6,8.39e6,9.44e6,1.05e7,1.15e7,1.26e7,1.36e7,1.47e7,1.57e7,1.68e7,1.89e7,2.10e7,2.31e7,2.52e7,2.73e7,2.94e7,3.15e7,3.36e7,3.77e7,4.19e7,4.61e7,5.03e7,5.45e7,5.87e7,6.29e7","0.313,0.305,0.310,0.299,0.309,0.305,0.299,0.299,0.298,0.297,0.288,0.287,0.280,0.275,0.271,0.265,0.258,0.254,0.245,0.236,0.230,0.220,0.207,0.198,0.185,0.177,0.171,0.169,0.159,0.149,0.150,0.138,0.136,0.126,0.122,0.118,0.112,0.109,0.102,0.0921,0.0884,0.0866,0.0749,0.0696,0.0679,0.0651,0.0641,0.0461,0.0392","1.50,2.00,2.50,3.50,4.50,5.50,7.50,9.50,11.5,14.5,18.5,22.5,28.5,36.5,44.5,56.5,68.5,84.5,109,141,173,221,285,349,445,573,701,893,1150,1400,1790,2300,2810,3580,4600,5630,7160,9210,1.13e4,1.43e4,1.84e4,2.25e4,2.87e4,3.69e4,4.51e4,5.73e4,7.37e4,9.01e4,1.15e5","0.293,0.293,0.293,0.293,0.293,0.293,0.292,0.292,0.291,0.290,0.290,0.289,0.287,0.285,0.284,0.281,0.278,0.275,0.270,0.263,0.257,0.248,0.237,0.226,0.212,0.195,0.181,0.162,0.143,0.129,0.114,0.104,0.103,0.119,0.188","1.50,2.00,2.50,3.50,4.50,5.50,7.50,9.50,11.5,14.5,18.5,22.5,28.5,36.5,44.5,56.5,68.5,84.5,109,141,173,221,285,349,445,573,701,893,1150,1400,1790,2300,2810,3580,4600","4621.2","0.100","0.00261"
"15"," 1","3.20","5.40e-4,0.00913,0.00949,0.00730,0.0102,0.00805,0.0114,0.00771,0.00694,0.00508,0.00663,0.00880,0.00419,0.00680,0.00811,0.00483,0.00696,0.00857,0.00856,0.00782,0.00638,0.00598,0.00751,0.00398,0.00644,0.00735,0.00689,0.00703,0.00667,0.00701,0.00633,0.00637,0.00686,0.00684,0.00632,0.00639,0.00642,0.00547,0.00604,0.00517,0.00493,0.00516,0.00536,0.00462,0.00481,0.00439,0.00439,0.00429,0.00421,0.00445,0.00395,0.00371,0.00340,0.00314,0.00323,0.00307,0.00305,0.00281,0.00309,0.00289,0.00308,0.00296,0.00311,0.00290,0.00294,0.00289,0.00248,0.00211,0.00197,0.00208,0.00243,0.00254,0.00250,0.00197,0.00168,0.00203,0.00225,0.00179,0.00153,0.00185,0.00195,0.00180,0.00168,0.00125,0.00146,0.00119,0.00132,0.00116,0.00145,0.00122,0.00111,0.00105,8.84e-4,8.29e-4,6.66e-4,5.26e-4,0.00105,7.03e-4,4.34e-4,2.06e-4,7.44e-6,0.00,0.00,0.00,9.76e-4,0.00101,9.15e-4,8.14e-4,6.69e-4,6.37e-4,6.73e-4,5.36e-4,4.71e-4,4.99e-4,3.60e-4,4.66e-4,3.47e-4,2.83e-4,1.84e-4,7.17e-5,6.15e-5,0.00,0.00,0.00,0.00,0.00,0.00,0.00,0.00,0.00,0.00,0.00,0.00,0.00,0.00,0.00,0.00,0.00,0.00,0.00,0.00,0.00,0.00,0.00,0.00,0.00,0.00,0.00,0.00,0.00,0.00,0.00,0.00,0.00,0.00,0.00,0.00,0.00,0.00,0.00,0.00,0.00,0.00,0.00,0.00,0.00,0.00,0.00,0.00,0.00,0.00,0.00,0.00,0.00,0.00,0.00,0.00,0.00,0.00,0.00,0.00,0.00,0.00,0.00,0.00,0.00,0.00,0.00,0.00,0.00,0.00,0.00","0.500,1.00,1.50,2.00,2.50,3.00,3.50,4.00,4.50,5.50,6.50,7.50,8.50,9.50,10.5,11.5,12.5,14.5,16.5,18.5,20.5,22.5,24.5,26.5,28.5,32.5,36.5,40.5,44.5,48.5,52.5,56.5,60.5,68.5,76.5,84.5,92.5,101,109,117,125,141,157,173,189,205,221,237,253,285,317,349,381,413,445,477,509,573,637,701,765,829,893,957,1020,1150,1280,1400,1530,1660,1790,1920,2040,2300,2560,2810,3070,3320,3580,3840,4090,4600,5120,5630,6140,6650,7160,7680,8190,9210,1.02e4,1.13e4,1.23e4,1.33e4,1.43e4,1.54e4,1.64e4,1.84e4,2.05e4,2.25e4,2.46e4,2.66e4,2.87e4,3.07e4,3.28e4,3.69e4,4.10e4,4.51e4,4.91e4,5.32e4,5.73e4,6.14e4,6.55e4,7.37e4,8.19e4,9.01e4,9.83e4,1.06e5,1.15e5,1.23e5,1.31e5,1.47e5,1.64e5,1.80e5,1.97e5,2.13e5,2.29e5,2.46e5,2.62e5,2.95e5,3.28e5,3.60e5,3.93e5,4.26e5,4.59e5,4.92e5,5.24e5,5.90e5,6.55e5,7.21e5,7.86e5,8.52e5,9.18e5,9.83e5,1.05e6,1.18e6,1.31e6,1.44e6,1.57e6,1.70e6,1.84e6,1.97e6,2.10e6,2.36e6,2.62e6,2.88e6,3.15e6,3.41e6,3.67e6,3.93e6,4.19e6,4.72e6,5.24e6,5.77e6,6.29e6,6.82e6,7.34e6,7.86e6,8.39e6,9.44e6,1.05e7,1.15e7,1.26e7,1.36e7,1.47e7,1.57e7,1.68e7,1.89e7,2.10e7,2.31e7,2.52e7,2.73e7,2.94e7,3.15e7,3.36e7,3.77e7,4.19e7,4.61e7,5.03e7,5.45e7,5.87e7,6.29e7","0.0970,0.0850,0.100,0.107,0.0828,0.0708,0.0934,0.0820,0.0690,0.0922,0.0880,0.0769,0.0798,0.0825,0.0812,0.0793,0.0822,0.0794,0.0773,0.0713,0.0674,0.0657,0.0661,0.0603,0.0561,0.0523,0.0531,0.0551,0.0531,0.0451,0.0485,0.0435,0.0442,0.0381,0.0415,0.0343,0.0354,0.0338,0.0312,0.0243,0.0251,0.0115","1.50,2.00,2.50,3.50,4.50,5.50,7.50,9.50,11.5,14.5,18.5,22.5,28.5,36.5,44.5,56.5,68.5,84.5,109,141,173,221,285,349,445,573,701,893,1150,1400,1790,2300,2810,3580,4600,5630,7160,9210,1.13e4,1.43e4,1.84e4,2.25e4","0.0914,0.0913,0.0913,0.0911,0.0909,0.0908,0.0905,0.0902,0.0899,0.0894,0.0889,0.0883,0.0874,0.0863,0.0852,0.0836,0.0821,0.0801,0.0773,0.0739,0.0708,0.0667,0.0621,0.0584,0.0542,0.0506,0.0491,0.0504,0.0593","1.50,2.00,2.50,3.50,4.50,5.50,7.50,9.50,11.5,14.5,18.5,22.5,28.5,36.5,44.5,56.5,68.5,84.5,109,141,173,221,285,349,445,573,701,893,1150","63387.7","0.011","7.51e-5"
"16"," 1","3.30","0.0459,0.0494,0.0454,0.0461,0.0472,0.0546,0.0369,0.0449,0.0459,0.0493,0.0403,0.0400,0.0448,0.0399,0.0394,0.0481,0.0448,0.0479,0.0444,0.0449,0.0413,0.0447,0.0407,0.0449,0.0446,0.0463,0.0405,0.0419,0.0412,0.0454,0.0445,0.0458,0.0426,0.0428,0.0426,0.0429,0.0438,0.0411,0.0433,0.0450,0.0432,0.0427,0.0417,0.0428,0.0435,0.0432,0.0428,0.0428,0.0425,0.0425,0.0423,0.0422,0.0419,0.0428,0.0415,0.0417,0.0414,0.0409,0.0409,0.0415,0.0411,0.0415,0.0411,0.0416,0.0418,0.0416,0.0410,0.0410,0.0407,0.0409,0.0407,0.0411,0.0412,0.0408,0.0405,0.0406,0.0405,0.0406,0.0403,0.0404,0.0406,0.0405,0.0404,0.0404,0.0404,0.0401,0.0402,0.0403,0.0403,0.0398,0.0399,0.0397,0.0395,0.0392,0.0391,0.0390,0.0395,0.0393,0.0389,0.0387,0.0384,0.0383,0.0377,0.0375,0.0389,0.0387,0.0386,0.0386,0.0384,0.0383,0.0381,0.0380,0.0379,0.0375,0.0374,0.0373,0.0372,0.0369,0.0367,0.0364,0.0362,0.0355,0.0349,0.0344,0.0340,0.0336,0.0333,0.0327,0.0321,0.0309,0.0299,0.0289,0.0274,0.0260,0.0246,0.0232,0.0217,0.0187,0.0155,0.0127,0.0101,0.00752,0.00457,0.00151,0.00,0.00,0.00,0.00,0.00,0.00,0.00,0.00,0.00,0.00,0.00,0.00,0.00,0.00,0.00,0.00,0.00,0.00,0.00,0.00,0.00,0.00,0.00,0.00,0.00,0.00,0.00,0.00,0.00,0.00,0.00,0.00,0.00,0.00,0.00,0.00,0.00,0.00,0.00,0.00,0.00,0.00,0.00,0.00,0.00,0.00,0.00,0.00","0.500,1.00,1.50,2.00,2.50,3.00,3.50,4.00,4.50,5.50,6.50,7.50,8.50,9.50,10.5,11.5,12.5,14.5,16.5,18.5,20.5,22.5,24.5,26.5,28.5,32.5,36.5,40.5,44.5,48.5,52.5,56.5,60.5,68.5,76.5,84.5,92.5,101,109,117,125,141,157,173,189,205,221,237,253,285,317,349,381,413,445,477,509,573,637,701,765,829,893,957,1020,1150,1280,1400,1530,1660,1790,1920,2040,2300,2560,2810,3070,3320,3580,3840,4090,4600,5120,5630,6140,6650,7160,7680,8190,9210,1.02e4,1.13e4,1.23e4,1.33e4,1.43e4,1.54e4,1.64e4,1.84e4,2.05e4,2.25e4,2.46e4,2.66e4,2.87e4,3.07e4,3.28e4,3.69e4,4.10e4,4.51e4,4.91e4,5.32e4,5.73e4,6.14e4,6.55e4,7.37e4,8.19e4,9.01e4,9.83e4,1.06e5,1.15e5,1.23e5,1.31e5,1.47e5,1.64e5,1.80e5,1.97e5,2.13e5,2.29e5,2.46e5,2.62e5,2.95e5,3.28e5,3.60e5,3.93e5,4.26e5,4.59e5,4.92e5,5.24e5,5.90e5,6.55e5,7.21e5,7.86e5,8.52e5,9.18e5,9.83e5,1.05e6,1.18e6,1.31e6,1.44e6,1.57e6,1.70e6,1.84e6,1.97e6,2.10e6,2.36e6,2.62e6,2.88e6,3.15e6,3.41e6,3.67e6,3.93e6,4.19e6,4.72e6,5.24e6,5.77e6,6.29e6,6.82e6,7.34e6,7.86e6,8.39e6,9.44e6,1.05e7,1.15e7,1.26e7,1.36e7,1.47e7,1.57e7,1.68e7,1.89e7,2.10e7,2.31e7,2.52e7,2.73e7,2.94e7,3.15e7,3.36e7,3.77e7,4.19e7,4.61e7,5.03e7,5.45e7,5.87e7,6.29e7","0.0988,0.103,0.108,0.0352,0.101,0.117,0.0663,0.0651,0.112,0.111,0.0964,0.0951,0.0947,0.0697,0.0748,0.101,0.0845,0.0855,0.0877,0.0844,0.0849,0.0847,0.0827,0.0812,0.0765,0.0724,0.0767,0.0743,0.0772,0.0737,0.0710,0.0719,0.0705,0.0688,0.0698,0.0690,0.0680,0.0648,0.0639,0.0586,0.0603,0.0557,0.0456,0.0555,0.0549,0.0497,0.0435,0.0407,0.0323","1.50,2.00,2.50,3.50,4.50,5.50,7.50,9.50,11.5,14.5,18.5,22.5,28.5,36.5,44.5,56.5,68.5,84.5,109,141,173,221,285,349,445,573,701,893,1150,1400,1790,2300,2810,3580,4600,5630,7160,9210,1.13e4,1.43e4,1.84e4,2.25e4,2.87e4,3.69e4,4.51e4,5.73e4,7.37e4,9.01e4,1.15e5","0.0984,0.0984,0.0984,0.0984,0.0984,0.0983,0.0983,0.0983,0.0982,0.0981,0.0981,0.0980,0.0978,0.0976,0.0975,0.0972,0.0969,0.0966,0.0961,0.0954,0.0947,0.0937,0.0924,0.0911,0.0893,0.0870,0.0849,0.0819,0.0783,0.0752,0.0712,0.0670,0.0640,0.0615,0.0613,0.0648,0.0787","1.50,2.00,2.50,3.50,4.50,5.50,7.50,9.50,11.5,14.5,18.5,22.5,28.5,36.5,44.5,56.5,68.5,84.5,109,141,173,221,285,349,445,573,701,893,1150,1400,1790,2300,2810,3580,4600,5630,7160","30710.0","0.048","0.0356"
"17"," 1","3.40","0.0274,0.0400,0.0351,0.0316,0.0326,0.0316,0.0345,0.0325,0.0328,0.0311,0.0337,0.0310,0.0306,0.0377,0.0330,0.0303,0.0299,0.0312,0.0301,0.0286,0.0303,0.0320,0.0280,0.0290,0.0290,0.0284,0.0277,0.0263,0.0278,0.0259,0.0239,0.0258,0.0255,0.0238,0.0256,0.0240,0.0244,0.0223,0.0241,0.0233,0.0224,0.0218,0.0208,0.0204,0.0186,0.0190,0.0189,0.0173,0.0170,0.0159,0.0159,0.0148,0.0152,0.0145,0.0140,0.0132,0.0126,0.0127,0.0126,0.0132,0.0131,0.0136,0.0140,0.0140,0.0136,0.0127,0.0114,0.0108,0.00986,0.0106,0.0113,0.0122,0.0121,0.00966,0.00882,0.0104,0.0110,0.00929,0.00883,0.0102,0.00968,0.00875,0.00935,0.00849,0.00850,0.00820,0.00852,0.00745,0.00799,0.00766,0.00769,0.00759,0.00744,0.00704,0.00659,0.00626,0.00731,0.00680,0.00627,0.00586,0.00548,0.00514,0.00478,0.00486,0.00617,0.00583,0.00574,0.00517,0.00500,0.00485,0.00440,0.00422,0.00428,0.00419,0.00428,0.00426,0.00400,0.00413,0.00435,0.00403,0.00393,0.00377,0.00356,0.00321,0.00285,0.00216,0.00233,0.00159,0.00133,7.03e-4,7.80e-5,1.64e-4,0.00,0.00,0.00,0.00,0.00,0.00,0.00,0.00,0.00,0.00,0.00,0.00,0.00,0.00,0.00,0.00,0.00,0.00,0.00,0.00,0.00,0.00,0.00,0.00,0.00,0.00,0.00,0.00,0.00,0.00,0.00,0.00,0.00,0.00,0.00,0.00,0.00,0.00,0.00,0.00,0.00,0.00,0.00,0.00,0.00,0.00,0.00,0.00,0.00,0.00,0.00,0.00,0.00,0.00,0.00,0.00,0.00,0.00,0.00,0.00","0.500,1.00,1.50,2.00,2.50,3.00,3.50,4.00,4.50,5.50,6.50,7.50,8.50,9.50,10.5,11.5,12.5,14.5,16.5,18.5,20.5,22.5,24.5,26.5,28.5,32.5,36.5,40.5,44.5,48.5,52.5,56.5,60.5,68.5,76.5,84.5,92.5,101,109,117,125,141,157,173,189,205,221,237,253,285,317,349,381,413,445,477,509,573,637,701,765,829,893,957,1020,1150,1280,1400,1530,1660,1790,1920,2040,2300,2560,2810,3070,3320,3580,3840,4090,4600,5120,5630,6140,6650,7160,7680,8190,9210,1.02e4,1.13e4,1.23e4,1.33e4,1.43e4,1.54e4,1.64e4,1.84e4,2.05e4,2.25e4,2.46e4,2.66e4,2.87e4,3.07e4,3.28e4,3.69e4,4.10e4,4.51e4,4.91e4,5.32e4,5.73e4,6.14e4,6.55e4,7.37e4,8.19e4,9.01e4,9.83e4,1.06e5,1.15e5,1.23e5,1.31e5,1.47e5,1.64e5,1.80e5,1.97e5,2.13e5,2.29e5,2.46e5,2.62e5,2.95e5,3.28e5,3.60e5,3.93e5,4.26e5,4.59e5,4.92e5,5.24e5,5.90e5,6.55e5,7.21e5,7.86e5,8.52e5,9.18e5,9.83e5,1.05e6,1.18e6,1.31e6,1.44e6,1.57e6,1.70e6,1.84e6,1.97e6,2.10e6,2.36e6,2.62e6,2.88e6,3.15e6,3.41e6,3.67e6,3.93e6,4.19e6,4.72e6,5.24e6,5.77e6,6.29e6,6.82e6,7.34e6,7.86e6,8.39e6,9.44e6,1.05e7,1.15e7,1.26e7,1.36e7,1.47e7,1.57e7,1.68e7,1.89e7,2.10e7,2.31e7,2.52e7,2.73e7,2.94e7,3.15e7,3.36e7,3.77e7,4.19e7,4.61e7,5.03e7,5.45e7,5.87e7,6.29e7","0.177,0.167,0.170,0.175,0.171,0.165,0.165,0.184,0.163,0.166,0.158,0.168,0.159,0.155,0.155,0.149,0.142,0.143,0.143,0.135,0.129,0.123,0.111,0.105,0.101,0.0946,0.0972,0.101,0.0949,0.0843,0.0869,0.0770,0.0815,0.0714,0.0709,0.0690,0.0692,0.0627,0.0621,0.0535,0.0555,0.0461,0.0324,0.0458,0.0379,0.0259,0.0214,0.0230,0.0249","1.50,2.00,2.50,3.50,4.50,5.50,7.50,9.50,11.5,14.5,18.5,22.5,28.5,36.5,44.5,56.5,68.5,84.5,109,141,173,221,285,349,445,573,701,893,1150,1400,1790,2300,2810,3580,4600,5630,7160,9210,1.13e4,1.43e4,1.84e4,2.25e4,2.87e4,3.69e4,4.51e4,5.73e4,7.37e4,9.01e4,1.15e5","0.165,0.165,0.165,0.165,0.165,0.165,0.165,0.164,0.164,0.164,0.163,0.163,0.162,0.161,0.160,0.159,0.157,0.155,0.153,0.149,0.146,0.141,0.135,0.129,0.121,0.112,0.104,0.0939,0.0833,0.0753,0.0670,0.0614,0.0607,0.0688,0.106","1.50,2.00,2.50,3.50,4.50,5.50,7.50,9.50,11.5,14.5,18.5,22.5,28.5,36.5,44.5,56.5,68.5,84.5,109,141,173,221,285,349,445,573,701,893,1150,1400,1790,2300,2810,3580,4600","11454.5","0.033","0.00373"
"18"," 1","3.50","0.0108,0.0196,0.0169,0.0180,0.0170,0.0175,0.0152,0.0198,0.0185,0.0157,0.0158,0.0165,0.0163,0.0179,0.0157,0.0169,0.0171,0.0173,0.0150,0.0137,0.0153,0.0146,0.0154,0.0172,0.0161,0.0159,0.0160,0.0153,0.0147,0.0146,0.0150,0.0156,0.0149,0.0161,0.0143,0.0145,0.0156,0.0150,0.0148,0.0143,0.0147,0.0144,0.0142,0.0147,0.0145,0.0138,0.0134,0.0135,0.0137,0.0132,0.0130,0.0130,0.0129,0.0120,0.0126,0.0123,0.0122,0.0122,0.0122,0.0124,0.0124,0.0123,0.0125,0.0123,0.0122,0.0119,0.0117,0.0114,0.0116,0.0115,0.0115,0.0114,0.0116,0.0112,0.0111,0.0112,0.0113,0.0108,0.0109,0.0111,0.0111,0.0107,0.0108,0.0105,0.0104,0.0104,0.0103,0.0102,0.0105,0.0103,0.0101,0.00988,0.00970,0.00956,0.00936,0.00916,0.00974,0.00935,0.00889,0.00851,0.00827,0.00791,0.00758,0.00729,0.00893,0.00884,0.00867,0.00851,0.00848,0.00834,0.00833,0.00821,0.00804,0.00790,0.00776,0.00765,0.00739,0.00727,0.00715,0.00700,0.00668,0.00600,0.00545,0.00520,0.00496,0.00453,0.00392,0.00342,0.00283,0.00202,0.00157,4.58e-4,0.00,0.00,0.00,0.00,0.00,0.00,0.00,0.00,0.00,0.00,0.00,0.00,0.00,0.00,0.00,0.00,0.00,0.00,0.00,0.00,0.00,0.00,0.00,0.00,0.00,0.00,0.00,0.00,0.00,0.00,0.00,0.00,0.00,0.00,0.00,0.00,0.00,0.00,0.00,0.00,0.00,0.00,0.00,0.00,0.00,0.00,0.00,0.00,0.00,0.00,0.00,0.00,0.00,0.00,0.00,0.00,0.00,0.00,0.00,0.00","0.500,1.00,1.50,2.00,2.50,3.00,3.50,4.00,4.50,5.50,6.50,7.50,8.50,9.50,10.5,11.5,12.5,14.5,16.5,18.5,20.5,22.5,24.5,26.5,28.5,32.5,36.5,40.5,44.5,48.5,52.5,56.5,60.5,68.5,76.5,84.5,92.5,101,109,117,125,141,157,173,189,205,221,237,253,285,317,349,381,413,445,477,509,573,637,701,765,829,893,957,1020,1150,1280,1400,1530,1660,1790,1920,2040,2300,2560,2810,3070,3320,3580,3840,4090,4600,5120,5630,6140,6650,7160,7680,8190,9210,1.02e4,1.13e4,1.23e4,1.33e4,1.43e4,1.54e4,1.64e4,1.84e4,2.05e4,2.25e4,2.46e4,2.66e4,2.87e4,3.07e4,3.28e4,3.69e4,4.10e4,4.51e4,4.91e4,5.32e4,5.73e4,6.14e4,6.55e4,7.37e4,8.19e4,9.01e4,9.83e4,1.06e5,1.15e5,1.23e5,1.31e5,1.47e5,1.64e5,1.80e5,1.97e5,2.13e5,2.29e5,2.46e5,2.62e5,2.95e5,3.28e5,3.60e5,3.93e5,4.26e5,4.59e5,4.92e5,5.24e5,5.90e5,6.55e5,7.21e5,7.86e5,8.52e5,9.18e5,9.83e5,1.05e6,1.18e6,1.31e6,1.44e6,1.57e6,1.70e6,1.84e6,1.97e6,2.10e6,2.36e6,2.62e6,2.88e6,3.15e6,3.41e6,3.67e6,3.93e6,4.19e6,4.72e6,5.24e6,5.77e6,6.29e6,6.82e6,7.34e6,7.86e6,8.39e6,9.44e6,1.05e7,1.15e7,1.26e7,1.36e7,1.47e7,1.57e7,1.68e7,1.89e7,2.10e7,2.31e7,2.52e7,2.73e7,2.94e7,3.15e7,3.36e7,3.77e7,4.19e7,4.61e7,5.03e7,5.45e7,5.87e7,6.29e7","0.103,0.109,0.104,0.0946,0.111,0.0975,0.101,0.108,0.103,0.105,0.0864,0.0915,0.0995,0.0988,0.0921,0.0970,0.0994,0.0910,0.0926,0.0907,0.0922,0.0847,0.0839,0.0823,0.0802,0.0775,0.0785,0.0792,0.0753,0.0723,0.0728,0.0708,0.0704,0.0682,0.0673,0.0652,0.0640,0.0638,0.0606,0.0561,0.0560,0.0480,0.0369,0.0513,0.0479,0.0460,0.0411,0.0379,0.0306","1.50,2.00,2.50,3.50,4.50,5.50,7.50,9.50,11.5,14.5,18.5,22.5,28.5,36.5,44.5,56.5,68.5,84.5,109,141,173,221,285,349,445,573,701,893,1150,1400,1790,2300,2810,3580,4600,5630,7160,9210,1.13e4,1.43e4,1.84e4,2.25e4,2.87e4,3.69e4,4.51e4,5.73e4,7.37e4,9.01e4,1.15e5","0.0999,0.0999,0.0999,0.0998,0.0998,0.0998,0.0997,0.0997,0.0996,0.0995,0.0994,0.0993,0.0991,0.0989,0.0987,0.0984,0.0980,0.0976,0.0970,0.0961,0.0953,0.0941,0.0926,0.0911,0.0889,0.0863,0.0838,0.0804,0.0764,0.0731,0.0690,0.0650,0.0626,0.0616,0.0649,0.0745","1.50,2.00,2.50,3.50,4.50,5.50,7.50,9.50,11.5,14.5,18.5,22.5,28.5,36.5,44.5,56.5,68.5,84.5,109,141,173,221,285,349,445,573,701,893,1150,1400,1790,2300,2810,3580,4600,5630","21081.4","0.018","0.00621"
"19"," 1","3.60","0.00889,0.0156,0.0145,0.0153,0.0128,0.0141,0.0150,0.0129,0.0146,0.0151,0.0141,0.0162,0.0153,0.0149,0.0171,0.0146,0.0150,0.0138,0.0140,0.0135,0.0141,0.0129,0.0128,0.0130,0.0126,0.0130,0.0128,0.0125,0.0116,0.0114,0.0128,0.0121,0.0129,0.0114,0.0112,0.0111,0.0115,0.0106,0.0102,0.0100,0.00976,0.0105,0.00929,0.00926,0.00966,0.00922,0.00933,0.00890,0.00896,0.00906,0.00836,0.00825,0.00810,0.00830,0.00799,0.00740,0.00746,0.00723,0.00723,0.00723,0.00691,0.00670,0.00678,0.00649,0.00645,0.00649,0.00620,0.00615,0.00589,0.00602,0.00557,0.00573,0.00563,0.00547,0.00532,0.00519,0.00514,0.00509,0.00497,0.00473,0.00505,0.00495,0.00470,0.00457,0.00436,0.00426,0.00424,0.00429,0.00454,0.00429,0.00420,0.00379,0.00370,0.00356,0.00333,0.00315,0.00403,0.00367,0.00328,0.00314,0.00279,0.00251,0.00242,0.00207,0.00386,0.00369,0.00375,0.00383,0.00394,0.00369,0.00375,0.00377,0.00367,0.00343,0.00336,0.00330,0.00310,0.00292,0.00294,0.00292,0.00273,0.00226,0.00205,0.00178,0.00150,0.00114,5.89e-4,1.65e-4,0.00,0.00,0.00,0.00,0.00,0.00,0.00,0.00,0.00,0.00,0.00,0.00,0.00,0.00,0.00,0.00,0.00,0.00,0.00,0.00,0.00,0.00,0.00,0.00,0.00,0.00,0.00,0.00,0.00,0.00,0.00,0.00,0.00,0.00,0.00,0.00,0.00,0.00,0.00,0.00,0.00,0.00,0.00,0.00,0.00,0.00,0.00,0.00,0.00,0.00,0.00,0.00,0.00,0.00,0.00,0.00,0.00,0.00,0.00,0.00,0.00,0.00,0.00,0.00","0.500,1.00,1.50,2.00,2.50,3.00,3.50,4.00,4.50,5.50,6.50,7.50,8.50,9.50,10.5,11.5,12.5,14.5,16.5,18.5,20.5,22.5,24.5,26.5,28.5,32.5,36.5,40.5,44.5,48.5,52.5,56.5,60.5,68.5,76.5,84.5,92.5,101,109,117,125,141,157,173,189,205,221,237,253,285,317,349,381,413,445,477,509,573,637,701,765,829,893,957,1020,1150,1280,1400,1530,1660,1790,1920,2040,2300,2560,2810,3070,3320,3580,3840,4090,4600,5120,5630,6140,6650,7160,7680,8190,9210,1.02e4,1.13e4,1.23e4,1.33e4,1.43e4,1.54e4,1.64e4,1.84e4,2.05e4,2.25e4,2.46e4,2.66e4,2.87e4,3.07e4,3.28e4,3.69e4,4.10e4,4.51e4,4.91e4,5.32e4,5.73e4,6.14e4,6.55e4,7.37e4,8.19e4,9.01e4,9.83e4,1.06e5,1.15e5,1.23e5,1.31e5,1.47e5,1.64e5,1.80e5,1.97e5,2.13e5,2.29e5,2.46e5,2.62e5,2.95e5,3.28e5,3.60e5,3.93e5,4.26e5,4.59e5,4.92e5,5.24e5,5.90e5,6.55e5,7.21e5,7.86e5,8.52e5,9.18e5,9.83e5,1.05e6,1.18e6,1.31e6,1.44e6,1.57e6,1.70e6,1.84e6,1.97e6,2.10e6,2.36e6,2.62e6,2.88e6,3.15e6,3.41e6,3.67e6,3.93e6,4.19e6,4.72e6,5.24e6,5.77e6,6.29e6,6.82e6,7.34e6,7.86e6,8.39e6,9.44e6,1.05e7,1.15e7,1.26e7,1.36e7,1.47e7,1.57e7,1.68e7,1.89e7,2.10e7,2.31e7,2.52e7,2.73e7,2.94e7,3.15e7,3.36e7,3.77e7,4.19e7,4.61e7,5.03e7,5.45e7,5.87e7,6.29e7","0.110,0.114,0.102,0.112,0.110,0.113,0.118,0.112,0.111,0.107,0.105,0.103,0.101,0.102,0.0960,0.0984,0.0950,0.0933,0.0886,0.0901,0.0829,0.0833,0.0817,0.0766,0.0749,0.0696,0.0696,0.0663,0.0641,0.0613,0.0564,0.0555,0.0529,0.0508,0.0506,0.0467,0.0430,0.0436,0.0375,0.0306,0.0358,0.0274","1.50,2.00,2.50,3.50,4.50,5.50,7.50,9.50,11.5,14.5,18.5,22.5,28.5,36.5,44.5,56.5,68.5,84.5,109,141,173,221,285,349,445,573,701,893,1150,1400,1790,2300,2810,3580,4600,5630,7160,9210,1.13e4,1.43e4,1.84e4,2.25e4","0.109,0.109,0.109,0.109,0.109,0.109,0.108,0.108,0.108,0.107,0.107,0.106,0.106,0.105,0.104,0.102,0.101,0.0987,0.0960,0.0927,0.0896,0.0854,0.0804,0.0762,0.0710,0.0659,0.0625,0.0603,0.0622,0.0702","1.50,2.00,2.50,3.50,4.50,5.50,7.50,9.50,11.5,14.5,18.5,22.5,28.5,36.5,44.5,56.5,68.5,84.5,109,141,173,221,285,349,445,573,701,893,1150,1400","23654.6","0.014","0.00239"
"20"," 1","3.70","0.0112,0.00867,0.00717,0.00885,0.0154,0.0141,0.0106,0.0103,0.0105,0.0114,0.0146,0.0140,0.0139,0.0116,0.00892,0.0136,0.0117,0.0109,0.0111,0.0121,0.0118,0.0116,0.0120,0.00823,0.0116,0.0112,0.00992,0.0105,0.0101,0.0114,0.00971,0.00944,0.0105,0.00887,0.00988,0.0100,0.00981,0.00904,0.00923,0.00933,0.00906,0.00859,0.00941,0.00764,0.00856,0.00938,0.00836,0.00870,0.00805,0.00732,0.00763,0.00709,0.00605,0.00675,0.00668,0.00626,0.00672,0.00592,0.00644,0.00660,0.00624,0.00614,0.00672,0.00598,0.00614,0.00573,0.00566,0.00495,0.00515,0.00513,0.00522,0.00575,0.00566,0.00509,0.00486,0.00505,0.00507,0.00460,0.00456,0.00486,0.00491,0.00457,0.00446,0.00425,0.00427,0.00424,0.00421,0.00403,0.00431,0.00406,0.00390,0.00367,0.00381,0.00341,0.00330,0.00305,0.00384,0.00356,0.00332,0.00287,0.00261,0.00231,0.00196,0.00154,0.00340,0.00327,0.00320,0.00316,0.00292,0.00288,0.00281,0.00265,0.00258,0.00238,0.00223,0.00204,0.00196,0.00181,0.00154,0.00156,0.00137,8.70e-4,4.58e-4,2.02e-4,0.00,0.00,0.00,0.00,0.00,0.00,0.00,0.00,0.00,0.00,0.00,0.00,0.00,0.00,0.00,0.00,0.00,0.00,0.00,0.00,0.00,0.00,0.00,0.00,0.00,0.00,0.00,0.00,0.00,0.00,0.00,0.00,0.00,0.00,0.00,0.00,0.00,0.00,0.00,0.00,0.00,0.00,0.00,0.00,0.00,0.00,0.00,0.00,0.00,0.00,0.00,0.00,0.00,0.00,0.00,0.00,0.00,0.00,0.00,0.00,0.00,0.00,0.00,0.00,0.00,0.00,0.00,0.00","0.500,1.00,1.50,2.00,2.50,3.00,3.50,4.00,4.50,5.50,6.50,7.50,8.50,9.50,10.5,11.5,12.5,14.5,16.5,18.5,20.5,22.5,24.5,26.5,28.5,32.5,36.5,40.5,44.5,48.5,52.5,56.5,60.5,68.5,76.5,84.5,92.5,101,109,117,125,141,157,173,189,205,221,237,253,285,317,349,381,413,445,477,509,573,637,701,765,829,893,957,1020,1150,1280,1400,1530,1660,1790,1920,2040,2300,2560,2810,3070,3320,3580,3840,4090,4600,5120,5630,6140,6650,7160,7680,8190,9210,1.02e4,1.13e4,1.23e4,1.33e4,1.43e4,1.54e4,1.64e4,1.84e4,2.05e4,2.25e4,2.46e4,2.66e4,2.87e4,3.07e4,3.28e4,3.69e4,4.10e4,4.51e4,4.91e4,5.32e4,5.73e4,6.14e4,6.55e4,7.37e4,8.19e4,9.01e4,9.83e4,1.06e5,1.15e5,1.23e5,1.31e5,1.47e5,1.64e5,1.80e5,1.97e5,2.13e5,2.29e5,2.46e5,2.62e5,2.95e5,3.28e5,3.60e5,3.93e5,4.26e5,4.59e5,4.92e5,5.24e5,5.90e5,6.55e5,7.21e5,7.86e5,8.52e5,9.18e5,9.83e5,1.05e6,1.18e6,1.31e6,1.44e6,1.57e6,1.70e6,1.84e6,1.97e6,2.10e6,2.36e6,2.62e6,2.88e6,3.15e6,3.41e6,3.67e6,3.93e6,4.19e6,4.72e6,5.24e6,5.77e6,6.29e6,6.82e6,7.34e6,7.86e6,8.39e6,9.44e6,1.05e7,1.15e7,1.26e7,1.36e7,1.47e7,1.57e7,1.68e7,1.89e7,2.10e7,2.31e7,2.52e7,2.73e7,2.94e7,3.15e7,3.36e7,3.77e7,4.19e7,4.61e7,5.03e7,5.45e7,5.87e7,6.29e7","0.0787,0.0887,0.120,0.0980,0.0978,0.102,0.114,0.103,0.113,0.0998,0.106,0.103,0.103,0.0946,0.0953,0.0920,0.0888,0.0950,0.0908,0.0873,0.0816,0.0860,0.0796,0.0782,0.0755,0.0703,0.0750,0.0758,0.0690,0.0630,0.0651,0.0642,0.0638,0.0598,0.0599,0.0573,0.0569,0.0556,0.0519,0.0483,0.0508,0.0435,0.0314,0.0479,0.0468,0.0429,0.0375,0.0326,0.0238","1.50,2.00,2.50,3.50,4.50,5.50,7.50,9.50,11.5,14.5,18.5,22.5,28.5,36.5,44.5,56.5,68.5,84.5,109,141,173,221,285,349,445,573,701,893,1150,1400,1790,2300,2810,3580,4600,5630,7160,9210,1.13e4,1.43e4,1.84e4,2.25e4,2.87e4,3.69e4,4.51e4,5.73e4,7.37e4,9.01e4,1.15e5","0.102,0.102,0.102,0.102,0.102,0.101,0.101,0.101,0.101,0.101,0.101,0.101,0.101,0.100,0.0999,0.0995,0.0990,0.0984,0.0975,0.0963,0.0951,0.0934,0.0912,0.0891,0.0861,0.0825,0.0791,0.0746,0.0695,0.0652,0.0601,0.0555,0.0529,0.0521,0.0571,0.0709","1.50,2.00,2.50,3.50,4.50,5.50,7.50,9.50,11.5,14.5,18.5,22.5,28.5,36.5,44.5,56.5,68.5,84.5,109,141,173,221,285,349,445,573,701,893,1150,1400,1790,2300,2810,3580,4600,5630","47288.1","0.009","9.76e-4"
"21"," 1","3.80","4.81e-5,0.00712,0.00516,0.00512,0.00583,0.00702,0.0109,0.00629,0.00765,0.00916,0.00538,0.00804,0.00285,0.00729,0.00825,0.00697,0.00890,0.00951,0.00816,0.00778,0.00513,0.00831,0.00518,0.00919,0.00702,0.00684,0.00653,0.00610,0.00534,0.00648,0.00554,0.00496,0.00547,0.00644,0.00521,0.00566,0.00542,0.00484,0.00719,0.00612,0.00594,0.00533,0.00479,0.00450,0.00461,0.00488,0.00451,0.00398,0.00419,0.00414,0.00457,0.00361,0.00354,0.00346,0.00361,0.00351,0.00328,0.00350,0.00270,0.00330,0.00318,0.00284,0.00328,0.00319,0.00302,0.00280,0.00248,0.00224,0.00234,0.00272,0.00269,0.00241,0.00243,0.00212,0.00202,0.00201,0.00202,0.00175,0.00203,0.00183,0.00215,0.00187,0.00202,0.00161,0.00177,0.00144,0.00158,0.00138,0.00179,0.00158,0.00127,0.00101,9.38e-4,8.22e-4,4.92e-4,4.88e-4,0.00114,8.21e-4,5.46e-4,2.98e-4,1.02e-4,0.00,0.00,0.00,0.00115,0.00103,9.12e-4,9.22e-4,8.41e-4,5.97e-4,5.79e-4,5.67e-4,4.95e-4,4.15e-4,4.95e-4,5.23e-4,4.17e-4,3.73e-4,3.12e-4,3.05e-4,1.31e-4,0.00,0.00,0.00,0.00,0.00,0.00,0.00,0.00,0.00,0.00,0.00,0.00,0.00,0.00,0.00,0.00,0.00,0.00,0.00,0.00,0.00,0.00,0.00,0.00,0.00,0.00,0.00,0.00,0.00,0.00,0.00,0.00,0.00,0.00,0.00,0.00,0.00,0.00,0.00,0.00,0.00,0.00,0.00,0.00,0.00,0.00,0.00,0.00,0.00,0.00,0.00,0.00,0.00,0.00,0.00,0.00,0.00,0.00,0.00,0.00,0.00,0.00,0.00,0.00,0.00,0.00,0.00,0.00,0.00,0.00,0.00","0.500,1.00,1.50,2.00,2.50,3.00,3.50,4.00,4.50,5.50,6.50,7.50,8.50,9.50,10.5,11.5,12.5,14.5,16.5,18.5,20.5,22.5,24.5,26.5,28.5,32.5,36.5,40.5,44.5,48.5,52.5,56.5,60.5,68.5,76.5,84.5,92.5,101,109,117,125,141,157,173,189,205,221,237,253,285,317,349,381,413,445,477,509,573,637,701,765,829,893,957,1020,1150,1280,1400,1530,1660,1790,1920,2040,2300,2560,2810,3070,3320,3580,3840,4090,4600,5120,5630,6140,6650,7160,7680,8190,9210,1.02e4,1.13e4,1.23e4,1.33e4,1.43e4,1.54e4,1.64e4,1.84e4,2.05e4,2.25e4,2.46e4,2.66e4,2.87e4,3.07e4,3.28e4,3.69e4,4.10e4,4.51e4,4.91e4,5.32e4,5.73e4,6.14e4,6.55e4,7.37e4,8.19e4,9.01e4,9.83e4,1.06e5,1.15e5,1.23e5,1.31e5,1.47e5,1.64e5,1.80e5,1.97e5,2.13e5,2.29e5,2.46e5,2.62e5,2.95e5,3.28e5,3.60e5,3.93e5,4.26e5,4.59e5,4.92e5,5.24e5,5.90e5,6.55e5,7.21e5,7.86e5,8.52e5,9.18e5,9.83e5,1.05e6,1.18e6,1.31e6,1.44e6,1.57e6,1.70e6,1.84e6,1.97e6,2.10e6,2.36e6,2.62e6,2.88e6,3.15e6,3.41e6,3.67e6,3.93e6,4.19e6,4.72e6,5.24e6,5.77e6,6.29e6,6.82e6,7.34e6,7.86e6,8.39e6,9.44e6,1.05e7,1.15e7,1.26e7,1.36e7,1.47e7,1.57e7,1.68e7,1.89e7,2.10e7,2.31e7,2.52e7,2.73e7,2.94e7,3.15e7,3.36e7,3.77e7,4.19e7,4.61e7,5.03e7,5.45e7,5.87e7,6.29e7","0.0708,0.0706,0.0754,0.104,0.0867,0.0949,0.0889,0.0846,0.0827,0.0968,0.0874,0.0904,0.0830,0.0799,0.0721,0.0694,0.0794,0.0743,0.0840,0.0721,0.0660,0.0661,0.0632,0.0589,0.0589,0.0580,0.0562,0.0560,0.0516,0.0458,0.0505,0.0445,0.0432,0.0434,0.0416,0.0383,0.0379,0.0379,0.0296,0.0188,0.0261,0.0126","1.50,2.00,2.50,3.50,4.50,5.50,7.50,9.50,11.5,14.5,18.5,22.5,28.5,36.5,44.5,56.5,68.5,84.5,109,141,173,221,285,349,445,573,701,893,1150,1400,1790,2300,2810,3580,4600,5630,7160,9210,1.13e4,1.43e4,1.84e4,2.25e4","0.0891,0.0891,0.0890,0.0889,0.0887,0.0886,0.0884,0.0881,0.0879,0.0875,0.0870,0.0865,0.0858,0.0849,0.0840,0.0826,0.0814,0.0797,0.0773,0.0744,0.0718,0.0682,0.0642,0.0608,0.0569,0.0534,0.0517,0.0522,0.0586","1.50,2.00,2.50,3.50,4.50,5.50,7.50,9.50,11.5,14.5,18.5,22.5,28.5,36.5,44.5,56.5,68.5,84.5,109,141,173,221,285,349,445,573,701,893,1150","55280.7","0.006","1.40e-4"
"22"," 1","3.90","0.00810,0.00826,0.00996,0.0125,0.0104,0.00613,0.0129,0.0183,0.0109,0.0148,0.00882,0.0124,0.0145,0.00902,0.0101,0.0115,0.00869,0.0100,0.00861,0.00833,0.0114,0.00811,0.00687,0.0106,0.00949,0.0101,0.00980,0.00875,0.0100,0.00952,0.00916,0.00867,0.00929,0.00955,0.00746,0.00785,0.00858,0.00821,0.00785,0.00727,0.00787,0.00769,0.00775,0.00750,0.00707,0.00672,0.00663,0.00728,0.00644,0.00602,0.00624,0.00601,0.00576,0.00579,0.00591,0.00580,0.00551,0.00566,0.00535,0.00547,0.00534,0.00501,0.00506,0.00491,0.00484,0.00493,0.00455,0.00443,0.00434,0.00438,0.00456,0.00414,0.00428,0.00415,0.00368,0.00384,0.00359,0.00337,0.00351,0.00348,0.00389,0.00379,0.00357,0.00322,0.00358,0.00304,0.00294,0.00289,0.00333,0.00305,0.00313,0.00277,0.00252,0.00244,0.00219,0.00198,0.00272,0.00246,0.00203,0.00178,0.00165,0.00124,8.27e-4,4.86e-4,0.00266,0.00256,0.00250,0.00241,0.00239,0.00248,0.00224,0.00233,0.00227,0.00203,0.00197,0.00178,0.00160,0.00135,0.00119,0.00122,0.00118,0.00102,9.66e-4,7.51e-4,7.07e-4,6.20e-4,4.31e-4,3.25e-4,1.16e-4,0.00,0.00,0.00,0.00,0.00,0.00,0.00,0.00,0.00,0.00,0.00,0.00,0.00,0.00,0.00,0.00,0.00,0.00,0.00,0.00,0.00,0.00,0.00,0.00,0.00,0.00,0.00,0.00,0.00,0.00,0.00,0.00,0.00,0.00,0.00,0.00,0.00,0.00,0.00,0.00,0.00,0.00,0.00,0.00,0.00,0.00,0.00,0.00,0.00,0.00,0.00,0.00,0.00,0.00,0.00,0.00,0.00,0.00,0.00,0.00,0.00,0.00,0.00","0.500,1.00,1.50,2.00,2.50,3.00,3.50,4.00,4.50,5.50,6.50,7.50,8.50,9.50,10.5,11.5,12.5,14.5,16.5,18.5,20.5,22.5,24.5,26.5,28.5,32.5,36.5,40.5,44.5,48.5,52.5,56.5,60.5,68.5,76.5,84.5,92.5,101,109,117,125,141,157,173,189,205,221,237,253,285,317,349,381,413,445,477,509,573,637,701,765,829,893,957,1020,1150,1280,1400,1530,1660,1790,1920,2040,2300,2560,2810,3070,3320,3580,3840,4090,4600,5120,5630,6140,6650,7160,7680,8190,9210,1.02e4,1.13e4,1.23e4,1.33e4,1.43e4,1.54e4,1.64e4,1.84e4,2.05e4,2.25e4,2.46e4,2.66e4,2.87e4,3.07e4,3.28e4,3.69e4,4.10e4,4.51e4,4.91e4,5.32e4,5.73e4,6.14e4,6.55e4,7.37e4,8.19e4,9.01e4,9.83e4,1.06e5,1.15e5,1.23e5,1.31e5,1.47e5,1.64e5,1.80e5,1.97e5,2.13e5,2.29e5,2.46e5,2.62e5,2.95e5,3.28e5,3.60e5,3.93e5,4.26e5,4.59e5,4.92e5,5.24e5,5.90e5,6.55e5,7.21e5,7.86e5,8.52e5,9.18e5,9.83e5,1.05e6,1.18e6,1.31e6,1.44e6,1.57e6,1.70e6,1.84e6,1.97e6,2.10e6,2.36e6,2.62e6,2.88e6,3.15e6,3.41e6,3.67e6,3.93e6,4.19e6,4.72e6,5.24e6,5.77e6,6.29e6,6.82e6,7.34e6,7.86e6,8.39e6,9.44e6,1.05e7,1.15e7,1.26e7,1.36e7,1.47e7,1.57e7,1.68e7,1.89e7,2.10e7,2.31e7,2.52e7,2.73e7,2.94e7,3.15e7,3.36e7,3.77e7,4.19e7,4.61e7,5.03e7,5.45e7,5.87e7,6.29e7","0.0944,0.107,0.0969,0.109,0.0993,0.117,0.107,0.0893,0.102,0.0948,0.0853,0.0840,0.0919,0.0935,0.0946,0.0873,0.0922,0.0824,0.0825,0.0815,0.0804,0.0747,0.0705,0.0705,0.0697,0.0679,0.0665,0.0634,0.0623,0.0581,0.0592,0.0557,0.0528,0.0496,0.0524,0.0466,0.0435,0.0448,0.0415,0.0338,0.0376,0.0271","1.50,2.00,2.50,3.50,4.50,5.50,7.50,9.50,11.5,14.5,18.5,22.5,28.5,36.5,44.5,56.5,68.5,84.5,109,141,173,221,285,349,445,573,701,893,1150,1400,1790,2300,2810,3580,4600,5630,7160,9210,1.13e4,1.43e4,1.84e4,2.25e4","0.101,0.101,0.101,0.101,0.101,0.100,0.100,0.0999,0.0997,0.0993,0.0988,0.0983,0.0976,0.0966,0.0957,0.0943,0.0930,0.0913,0.0889,0.0858,0.0830,0.0791,0.0746,0.0708,0.0662,0.0617,0.0588,0.0572,0.0599,0.0687","1.50,2.00,2.50,3.50,4.50,5.50,7.50,9.50,11.5,14.5,18.5,22.5,28.5,36.5,44.5,56.5,68.5,84.5,109,141,173,221,285,349,445,573,701,893,1150,1400","46697.7","0.011","0.00105"
